Brand,Region,UNA ASIN,Keyword,Email,Teammate Name,Date of change/request?,Team,is_active?
Jocuu,US,B07RJBMWF6 ,juicer ,mahesh.babu@una-brands.com,Mahesh,2022-12-28,PPC Team,Yes
Jocuu,US,B07RJBMWF6 ,juicer machines,mahesh.babu@una-brands.com,Mahesh,2022-12-28,PPC Team,Yes
Jocuu,US,B07RJBMWF6 ,juicers best sellers easy to clean,mahesh.babu@una-brands.com,Mahesh,2022-12-28,PPC Team,Yes
Jocuu,US,B07RJBMWF6 ,cold press juicer,mahesh.babu@una-brands.com,Mahesh,2022-12-28,PPC Team,Yes
Jocuu,US,B07RJBMWF6 ,masticating juicer,mahesh.babu@una-brands.com,Mahesh,2022-12-28,PPC Team,Yes
Jocuu,US,B07RJBMWF6 ,juicers ,mahesh.babu@una-brands.com,Mahesh,2022-12-28,PPC Team,Yes
Jocuu,US,B07RJBMWF6 ,cold press juicer machines,mahesh.babu@una-brands.com,Mahesh,2022-12-28,PPC Team,Yes
Jocuu,US,B07RJBMWF6 ,slow juicer,mahesh.babu@una-brands.com,Mahesh,2022-12-28,PPC Team,Yes
Jocuu,US,B07RJBMWF6 ,juicer machines vegetable and fruit,mahesh.babu@una-brands.com,Mahesh,2022-12-28,PPC Team,Yes
Jocuu,US,B07RJBMWF6 ,slow masticating juicer,mahesh.babu@una-brands.com,Mahesh,2022-12-28,PPC Team,Yes
Jocuu,US,B07RJBMWF6 ,extractor de jugos y vegetales,mahesh.babu@una-brands.com,Mahesh,2022-12-28,PPC Team,Yes
Jocuu,US,B07RJBMWF6 ,slow masticating juicer machine,mahesh.babu@una-brands.com,Mahesh,2023-06-07,PPC Team,Yes
Jocuu,US,B07RJBMWF6 ,celery juicer,mahesh.babu@una-brands.com,Mahesh,2023-06-07,PPC Team,No
Jocuu,US,B07RJBMWF6 ,jocuu slow masticating juicer,mahesh.babu@una-brands.com,Mahesh,2023-06-07,PPC Team,No
Jocuu,US,B07RJBMWF6 ,best juicer for celery,mahesh.babu@una-brands.com,Mahesh,2023-06-07,PPC Team,No
Jocuu,US,B07RJBMWF6 ,jocuu juicer,mahesh.babu@una-brands.com,Mahesh,2023-06-07,PPC Team,No
Jocuu,US,B07RJBMWF6 ,nama juicer j2,mahesh.babu@una-brands.com,Mahesh,2023-06-07,PPC Team,No
Jocuu,US,B07RJBMWF6 ,slow juicer cold press,mahesh.babu@una-brands.com,Mahesh,2023-06-07,PPC Team,No
Inaya,US,B07VV5RKM7,baby proofing kit,avishek.panigrahi@una-brands.com,Avishek,2023-03-20,PPC Team,Yes
Inaya,US,B07VV5RKM7,babyproofing kit,avishek.panigrahi@una-brands.com,Avishek,2023-03-20,PPC Team,Yes
Inaya,US,B07VV5RKM7,baby proof kit,avishek.panigrahi@una-brands.com,Avishek,2023-03-20,PPC Team,Yes
Inaya,US,B07VV5RKM7,baby proofing,avishek.panigrahi@una-brands.com,Avishek,2023-03-20,PPC Team,Yes
Inaya,US,B07VV5RKM7,child proof kit,avishek.panigrahi@una-brands.com,Avishek,2023-03-20,PPC Team,Yes
Inaya,US,B07VV5RKM7,door lever baby,avishek.panigrahi@una-brands.com,Avishek,2023-03-20,PPC Team,Yes
Inaya,US,B07VV5RKM7,child proofing kit,avishek.panigrahi@una-brands.com,Avishek,2023-03-20,PPC Team,Yes
Inaya,US,B07VV5RKM7,baby safety products,nazyra.suhairi@una-brands.com,Nazyra,2023-03-29,Brand Manager,
Inaya,US,B07VV5RKM7,baby proof,nazyra.suhairi@una-brands.com,Nazyra,2023-03-29,Brand Manager,
Inaya,US,B07VV5RKM7,baby proofing cabinets,nazyra.suhairi@una-brands.com,Nazyra,2023-03-29,Brand Manager,
Inaya,US,B07VV5RKM7,baby proof outlet covers,nazyra.suhairi@una-brands.com,Nazyra,2023-03-29,Brand Manager,
Inaya,US,B07VV5RKM7,child proof cabinet latches,nazyra.suhairi@una-brands.com,Nazyra,2023-03-29,Brand Manager,
Inaya,US,B07VV5RKM7,drawer locks baby proofing,nazyra.suhairi@una-brands.com,Nazyra,2023-03-29,Brand Manager,
Inaya,US,B07VV5RKM7,outlet covers baby proofing,nazyra.suhairi@una-brands.com,Nazyra,2023-03-29,Brand Manager,
Inaya,US,B07VV5RKM7,hidden safe,nazyra.suhairi@una-brands.com,Nazyra,2023-03-29,Brand Manager,
Inaya,US,B07VV5RKM7,child safety cabinet locks,nazyra.suhairi@una-brands.com,Nazyra,2023-03-29,Brand Manager,
Inaya,US,B07VV5RKM7,child proof door knob covers,nazyra.suhairi@una-brands.com,Nazyra,2023-03-29,Brand Manager,
Inaya,US,B07VV5RKM7,cabinet locks for babies,nazyra.suhairi@una-brands.com,Nazyra,2023-03-29,Brand Manager,
Inaya,US,B07VV5RKM7,child locks for cabinets,nazyra.suhairi@una-brands.com,Nazyra,2023-03-29,Brand Manager,
Inaya,US,B07VV5RKM7,door knob child proof,nazyra.suhairi@una-brands.com,Nazyra,2023-03-29,Brand Manager,
Inaya,US,B07VV5RKM7,cabinet locks,nazyra.suhairi@una-brands.com,Nazyra,2023-03-29,Brand Manager,
Inaya,US,B07VV5RKM7,door handle child proof,nazyra.suhairi@una-brands.com,Nazyra,2023-03-29,Brand Manager,
Inaya,US,B07VV5RKM7,baby essentials,nazyra.suhairi@una-brands.com,Nazyra,2023-03-29,Brand Manager,
Inaya,US,B07VV5RKM7,outlet covers,nazyra.suhairi@una-brands.com,Nazyra,2023-03-29,Brand Manager,
Inaya,US,B07VV5RKM7,baby must haves,nazyra.suhairi@una-brands.com,Nazyra,2023-03-29,Brand Manager,
Inaya,US,B07VV5RKM7,corner protector baby,nazyra.suhairi@una-brands.com,Nazyra,2023-03-29,Brand Manager,
Inaya,US,B07VV5RKM7,fridge lock,nazyra.suhairi@una-brands.com,Nazyra,2023-03-29,Brand Manager,
Inaya,US,B07VV5RKM7,outlet cover,nazyra.suhairi@una-brands.com,Nazyra,2023-03-29,Brand Manager,
Inaya,US,B07VV5RKM7,baby products,nazyra.suhairi@una-brands.com,Nazyra,2023-03-29,Brand Manager,
Inaya,US,B07VV5RKM7,cabinet lock,nazyra.suhairi@una-brands.com,Nazyra,2023-03-29,Brand Manager,
Inaya,US,B07VV5RKM7,baby items,nazyra.suhairi@una-brands.com,Nazyra,2023-03-29,Brand Manager,
Inaya,US,B07VV5RKM7,baby registry items,nazyra.suhairi@una-brands.com,Nazyra,2023-03-29,Brand Manager,
Inaya,US,B07XSFVT1Z,door safety lever,avishek.panigrahi@una-brands.com,Avishek,2023-03-20,PPC Team,Yes
Inaya,US,B07XSFVT1Z,child proof door lever lock,avishek.panigrahi@una-brands.com,Avishek,2023-03-20,PPC Team,Yes
Inaya,US,B07XSFVT1Z,child door lock lever handle,avishek.panigrahi@una-brands.com,Avishek,2023-03-20,PPC Team,Yes
Inaya,US,B07XSFVT1Z,door handle child proof,nazyra.suhairi@una-brands.com,Nazyra,2023-03-29,Brand Manager,
Inaya,US,B07XSFVT1Z,door knob child proof,nazyra.suhairi@una-brands.com,Nazyra,2023-03-29,Brand Manager,
Inaya,US,B07XSFVT1Z,child proof door knob covers,nazyra.suhairi@una-brands.com,Nazyra,2023-03-29,Brand Manager,
Inaya,US,B07XSFVT1Z,door locks for kids safety,nazyra.suhairi@una-brands.com,Nazyra,2023-03-29,Brand Manager,
Inaya,US,B07XSFVT1Z,baby proof,nazyra.suhairi@una-brands.com,Nazyra,2023-03-29,Brand Manager,
Inaya,US,B07XSFVT1Z,child safety cabinet locks,nazyra.suhairi@una-brands.com,Nazyra,2023-03-29,Brand Manager,
Inaya,US,B07XSFVT1Z,cabinet locks for babies,nazyra.suhairi@una-brands.com,Nazyra,2023-03-29,Brand Manager,
Inaya,US,B07XSFVT1Z,child locks for cabinets,nazyra.suhairi@una-brands.com,Nazyra,2023-03-29,Brand Manager,
Inaya,US,B07XSFVT1Z,baby proofing kit,nazyra.suhairi@una-brands.com,Nazyra,2023-03-29,Brand Manager,
Inaya,US,B07XSFVT1Z,child proof cabinet latches,nazyra.suhairi@una-brands.com,Nazyra,2023-03-29,Brand Manager,
Inaya,US,B07XSFVT1Z,safety locks for doors,nazyra.suhairi@una-brands.com,Nazyra,2023-03-29,Brand Manager,
Inaya,US,B07XSFVT1Z,baby proofing cabinets,nazyra.suhairi@una-brands.com,Nazyra,2023-03-29,Brand Manager,
Inaya,US,B07XSFVT1Z,baby proofing,nazyra.suhairi@una-brands.com,Nazyra,2023-03-29,Brand Manager,
Inaya,US,B07XSFVT1Z,baby locks for cabinets and drawers,nazyra.suhairi@una-brands.com,Nazyra,2023-03-29,Brand Manager,
Inaya,US,B07XSFVT1Z,drawer locks baby proofing,nazyra.suhairi@una-brands.com,Nazyra,2023-03-29,Brand Manager,
Inaya,US,B07XSFVT1Z,baby safety products,nazyra.suhairi@una-brands.com,Nazyra,2023-03-29,Brand Manager,
Kadams,US,B07P33499R,childrens timer,mihir.gandhi@una-brands.com,Mihir,2023-03-20,PPC Team,Yes
Kadams,US,B07P33499R,visual timers for kids,mihir.gandhi@una-brands.com,Mihir,2023-03-20,PPC Team,Yes
Kadams,US,B07P33499R,visual audio timer,mihir.gandhi@una-brands.com,Mihir,2023-03-20,PPC Team,Yes
Kadams,US,B07P33499R,timer stop light,mihir.gandhi@una-brands.com,Mihir,2023-03-20,PPC Team,Yes
Kadams,US,B07P33499R,stoplight timer,mihir.gandhi@una-brands.com,Mihir,2023-03-20,PPC Team,Yes
Kadams,US,B07P33499R,visual timer autism,mihir.gandhi@una-brands.com,Mihir,2023-03-20,PPC Team,Yes
Kadams,US,B07P33499R,time out timer,mihir.gandhi@una-brands.com,Mihir,2023-03-20,PPC Team,Yes
Kadams,US,B07P33499R,red yellow green timer,mihir.gandhi@una-brands.com,Mihir,2023-03-20,PPC Team,Yes
Kadams,US,B07P33499R,visual timer,mihir.gandhi@una-brands.com,Mihir,2023-03-20,PPC Team,Yes
Kadams,US,B07P33499R,class timer,mihir.gandhi@una-brands.com,Mihir,2023-03-20,PPC Team,Yes
Kadams,US,B078B631T7,in shower clock,mihir.gandhi@una-brands.com,Mihir,2023-03-20,PPC Team,Yes
Kadams,US,B078B631T7,shower timer,mihir.gandhi@una-brands.com,Mihir,2023-03-20,PPC Team,Yes
Kadams,US,B078B631T7,shower clock,mihir.gandhi@una-brands.com,Mihir,2023-03-20,PPC Team,Yes
Kadams,US,B078B631T7,bathroom clocks,mihir.gandhi@una-brands.com,Mihir,2023-03-20,PPC Team,Yes
Kadams,US,B078B631T7,shower clock waterproof,mihir.gandhi@una-brands.com,Mihir,2023-03-20,PPC Team,Yes
Kadams,US,B078B631T7,clocks for bathroom,mihir.gandhi@una-brands.com,Mihir,2023-03-20,PPC Team,Yes
Kadams,US,B078B631T7,waterproof timer for shower,mihir.gandhi@una-brands.com,Mihir,2023-03-20,PPC Team,Yes
Kadams,US,B078B631T7,waterproof clock for shower,mihir.gandhi@una-brands.com,Mihir,2023-03-20,PPC Team,Yes
Kadams,US,B078B631T7,waterproof timer,mihir.gandhi@una-brands.com,Mihir,2023-03-20,PPC Team,Yes
Kadams,US,B078B631T7,clock for bathroom,mihir.gandhi@una-brands.com,Mihir,2023-03-20,PPC Team,Yes
Kadams,US,B078B631T7,bathroom clock suction,mihir.gandhi@una-brands.com,Mihir,2023-03-20,PPC Team,Yes
Kadams,US,B078B631T7,bathroom clock,mihir.gandhi@una-brands.com,Mihir,2023-03-20,PPC Team,Yes
Kadams,US,B078B631T7,waterproof clocks,mihir.gandhi@una-brands.com,Mihir,2023-03-20,PPC Team,Yes
Kadams,US,B078B631T7,bathroom shower clock,mihir.gandhi@una-brands.com,Mihir,2023-03-20,PPC Team,Yes
Kadams,US,B078B631T7,waterproof clock,mihir.gandhi@una-brands.com,Mihir,2023-03-20,PPC Team,Yes
Kadams,US,B078B631T7,shower clocks,mihir.gandhi@una-brands.com,Mihir,2023-03-20,PPC Team,Yes
Kadams,US,B078B631T7,shower timer for kids,mihir.gandhi@una-brands.com,Mihir,2023-03-20,PPC Team,Yes
Kadams,US,B078B631T7,shower clock with timer,mihir.gandhi@una-brands.com,Mihir,2023-03-20,PPC Team,Yes
Kadams,US,B078B631T7,bathroom timer,mihir.gandhi@una-brands.com,Mihir,2023-03-20,PPC Team,Yes
Bellaforte,US,B08F511J3B,tritan drinking glasses,avishek.panigrahi@una-brands.com,Avishek,2023-03-20,PPC Team,Yes
Bellaforte,US,B08F511J3B,plastic glasses that look like glass,avishek.panigrahi@una-brands.com,Avishek,2023-03-20,PPC Team,Yes
Bellaforte,US,B08F511J3B,plastic drinking glasses,yuanqi.ong@una-brands.com,Yuan Qi,2023-03-29,Brand Manager,
Bellaforte,US,B08F511J3B,cocktail glasses,yuanqi.ong@una-brands.com,Yuan Qi,2023-03-29,Brand Manager,
Bellaforte,US,B08F511J3B,crystal cut plastic glasses,yuanqi.ong@una-brands.com,Yuan Qi,2023-03-29,Brand Manager,
Bellaforte,US,B08F511J3B,acrylic cocktail glasses,yuanqi.ong@una-brands.com,Yuan Qi,2023-03-29,Brand Manager,
Bellaforte,US,B08F511J3B,shatterproof outdoor drinkware,yuanqi.ong@una-brands.com,Yuan Qi,2023-03-29,Brand Manager,
Bellaforte,US,B08F511J3B,no sweat plastic drinking glasses,yuanqi.ong@una-brands.com,Yuan Qi,2023-03-29,Brand Manager,
Bellaforte,US,B081JMDNK4,plastic glasses that look like glass,avishek.panigrahi@una-brands.com,Avishek,2023-03-20,PPC Team,Yes
Bellaforte,US,B081JMDNK4,shatterproof drinking glasses,avishek.panigrahi@una-brands.com,Avishek,2023-03-20,PPC Team,Yes
Bellaforte,US,B081JMDNK4,acrylic drinking glasses,avishek.panigrahi@una-brands.com,Avishek,2023-03-20,PPC Team,Yes
Bellaforte,US,B07XP3MCVB,plastic glasses drinking,avishek.panigrahi@una-brands.com,Avishek,2023-03-20,PPC Team,Yes
Bellaforte,US,B07XP3MCVB,bellaforte drinking glasses,avishek.panigrahi@una-brands.com,Avishek,2023-03-20,PPC Team,Yes
Bellaforte,US,B07XP3MCVB,bellaforte shatterproof tritan plastic,yuanqi.ong@una-brands.com,Yuan Qi,2023-03-29,Brand Manager,
Bellaforte,US,B07XP3MCVB,bellaforte shatterproof glasses,yuanqi.ong@una-brands.com,Yuan Qi,2023-03-29,Brand Manager,
Bellaforte,US,B07XP3MCVB,tritan outdoor drinkware,yuanqi.ong@una-brands.com,Yuan Qi,2023-03-29,Brand Manager,
Bellaforte,US,B07XP3MCVB,crystal glasses drinking set,yuanqi.ong@una-brands.com,Yuan Qi,2023-03-29,Brand Manager,
Bellaforte,US,B07XP3MCVB,outdoor cups unbreakable,yuanqi.ong@una-brands.com,Yuan Qi,2023-03-29,Brand Manager,
Bellaforte,US,B07XP3MCVB,unbreakable drinking glass,yuanqi.ong@una-brands.com,Yuan Qi,2023-03-29,Brand Manager,
Bellaforte,US,B07XP3MCVB,outdoor drinkware sets for patio,yuanqi.ong@una-brands.com,Yuan Qi,2023-03-29,Brand Manager,
Bellaforte,US,B07XP3MCVB,acrylic drinking glasses dishwasher safe bpa free,yuanqi.ong@una-brands.com,Yuan Qi,2023-03-29,Brand Manager,
Bellaforte,US,B07XP3MCVB,glassware drinking glasses set of 8,yuanqi.ong@una-brands.com,Yuan Qi,2023-03-29,Brand Manager,
Bellaforte,US,B07XP3MCVB,plastic glasses,yuanqi.ong@una-brands.com,Yuan Qi,2023-03-29,Brand Manager,
Bellaforte,US,B07XP3MCVB,acrylic glasses drinkware,yuanqi.ong@una-brands.com,Yuan Qi,2023-03-29,Brand Manager,
Bellaforte,US,B07XP3MCVB,drinking glasses,yuanqi.ong@una-brands.com,Yuan Qi,2023-03-29,Brand Manager,
Bellaforte,US,B07XP3MCVB,glass sets for drinking,yuanqi.ong@una-brands.com,Yuan Qi,2023-03-29,Brand Manager,
Bellaforte,US,B07XP3MCVB,shatterproof glasses,yuanqi.ong@una-brands.com,Yuan Qi,2023-03-29,Brand Manager,
Bellaforte,US,B07XP3MCVB,water glasses set,yuanqi.ong@una-brands.com,Yuan Qi,2023-03-29,Brand Manager,
Bellaforte,US,B07XP3MCVB,drinking glasses set of 4,yuanqi.ong@una-brands.com,Yuan Qi,2023-03-29,Brand Manager,
Bellaforte,US,B07XP3MCVB,plastic iced tea glasses,yuanqi.ong@una-brands.com,Yuan Qi,2023-03-29,Brand Manager,
Bellaforte,US,B07XP3MCVB,vintage glassware,yuanqi.ong@una-brands.com,Yuan Qi,2023-03-29,Brand Manager,
Bellaforte,US,B07XJPPF8H,bellaforte,avishek.panigrahi@una-brands.com,Avishek,2023-03-20,PPC Team,Yes
Bellaforte,US,B0856YXMHP,drinking glass sets,avishek.panigrahi@una-brands.com,Avishek,2023-03-20,PPC Team,Yes
Bellaforte,US,B0856YXMHP,clear plastic glasses set,yuanqi.ong@una-brands.com,Yuan Qi,2023-03-29,Brand Manager,
Unjumbly,US,B0895VHXZ9,hat racks for baseball caps,mihir.gandhi@una-brands.com,Mihir,2023-03-20,PPC Team,Yes
Unjumbly,US,B0895VHXZ9,hat organizer for baseball caps,mihir.gandhi@una-brands.com,Mihir,2023-03-20,PPC Team,Yes
Unjumbly,US,B0895VHXZ9,hat rack,mihir.gandhi@una-brands.com,Mihir,2023-03-20,PPC Team,Yes
Unjumbly,US,B0895VHXZ9,hat organizer,mihir.gandhi@una-brands.com,Mihir,2023-03-20,PPC Team,Yes
Unjumbly,US,B0895VHXZ9,baseball hat organizer,mihir.gandhi@una-brands.com,Mihir,2023-03-20,PPC Team,Yes
Unjumbly,US,B0895VHXZ9,over the door hat organizer,mihir.gandhi@una-brands.com,Mihir,2023-03-20,PPC Team,Yes
Unjumbly,US,B0895VHXZ9,baseball cap organizer,mihir.gandhi@una-brands.com,Mihir,2023-03-20,PPC Team,Yes
Unjumbly,US,B0895VHXZ9,baseball hat rack,mihir.gandhi@una-brands.com,Mihir,2023-03-20,PPC Team,Yes
Unjumbly,US,B0895VHXZ9,ball cap organizer,mihir.gandhi@una-brands.com,Mihir,2023-03-20,PPC Team,Yes
Unjumbly,US,B0895VHXZ9,over the door hat racks for baseball caps,mihir.gandhi@una-brands.com,Mihir,2023-03-20,PPC Team,Yes
Unjumbly,US,B0895VHXZ9,baseball cap holder,mihir.gandhi@una-brands.com,Mihir,2023-03-20,PPC Team,Yes
Unjumbly,US,B0895VHXZ9,cap organizer,mihir.gandhi@una-brands.com,Mihir,2023-03-20,PPC Team,Yes
Unjumbly,US,B0895VHXZ9,hat holder,mihir.gandhi@una-brands.com,Mihir,2023-03-20,PPC Team,Yes
Unjumbly,US,B0895VHXZ9,hat display,mihir.gandhi@una-brands.com,Mihir,2023-03-20,PPC Team,Yes
Unjumbly,US,B0895VHXZ9,cap rack,mihir.gandhi@una-brands.com,Mihir,2023-03-20,PPC Team,Yes
Unjumbly,US,B0895VHXZ9,hat hangers for door,mihir.gandhi@una-brands.com,Mihir,2023-03-20,PPC Team,Yes
Unjumbly,US,B0895VHXZ9,hat rack for wall,mihir.gandhi@una-brands.com,Mihir,2023-03-20,PPC Team,Yes
Unjumbly,US,B0895VHXZ9,baseball hat holder,delphine.lee@una-brands.com,Delphine,2023-03-29,Brand Manager,
Unjumbly,US,B0895VHXZ9,guarda gorras,delphine.lee@una-brands.com,Delphine,2023-03-29,Brand Manager,
Unjumbly,US,B0895VHXZ9,baseball cap storage organizer,delphine.lee@una-brands.com,Delphine,2023-03-29,Brand Manager,
Unjumbly,US,B0895VHXZ9,hat organizer for men,delphine.lee@una-brands.com,Delphine,2023-03-29,Brand Manager,
Samuel World,US,B07SCZLYDR,whiskey ice mold,Jagdeep.panwar@una-brands.com,Jagdeep,2023-03-20,PPC Team,Yes
Samuel World,US,B07SCZLYDR,ice cube,Jagdeep.panwar@una-brands.com,Jagdeep,2023-03-20,PPC Team,Yes
Samuel World,US,B07SCZLYDR,whiskey ice ball mold,Jagdeep.panwar@una-brands.com,Jagdeep,2023-03-20,PPC Team,Yes
Samuel World,US,B07SCZLYDR,ball ice cube molds,Jagdeep.panwar@una-brands.com,Jagdeep,2023-03-20,PPC Team,Yes
Samuel World,US,B07SCZLYDR,round ice cube mold,Jagdeep.panwar@una-brands.com,Jagdeep,2023-03-20,PPC Team,Yes
Samuel World,US,B083H6SM9G,whiskey ice mold,Jagdeep.panwar@una-brands.com,Jagdeep,2023-03-20,PPC Team,Yes
Samuel World,US,B083H6SM9G,ice cube,Jagdeep.panwar@una-brands.com,Jagdeep,2023-03-20,PPC Team,Yes
Samuel World,US,B083H6SM9G,whiskey ice ball mold,Jagdeep.panwar@una-brands.com,Jagdeep,2023-03-20,PPC Team,Yes
Samuel World,US,B083H6SM9G,ball ice cube molds,Jagdeep.panwar@una-brands.com,Jagdeep,2023-03-20,PPC Team,Yes
Samuel World,US,B083H6SM9G,round ice cube mold,Jagdeep.panwar@una-brands.com,Jagdeep,2023-03-20,PPC Team,Yes
Samuel World,US,B08T25LJ2L,whiskey ice mold,Jagdeep.panwar@una-brands.com,Jagdeep,2023-03-20,PPC Team,Yes
Samuel World,US,B08T25LJ2L,ice cube,Jagdeep.panwar@una-brands.com,Jagdeep,2023-03-20,PPC Team,Yes
Samuel World,US,B08T25LJ2L,whiskey ice ball mold,Jagdeep.panwar@una-brands.com,Jagdeep,2023-03-20,PPC Team,Yes
Samuel World,US,B08T25LJ2L,ball ice cube molds,Jagdeep.panwar@una-brands.com,Jagdeep,2023-03-20,PPC Team,Yes
Samuel World,US,B08T25LJ2L,round ice cube mold,Jagdeep.panwar@una-brands.com,Jagdeep,2023-03-20,PPC Team,Yes
Samuel World,US,B08T1HRLSV,whiskey ice mold,Jagdeep.panwar@una-brands.com,Jagdeep,2023-03-20,PPC Team,Yes
Samuel World,US,B08T1HRLSV,ice cube,Jagdeep.panwar@una-brands.com,Jagdeep,2023-03-20,PPC Team,Yes
Samuel World,US,B08T1HRLSV,whiskey ice ball mold,Jagdeep.panwar@una-brands.com,Jagdeep,2023-03-20,PPC Team,Yes
Samuel World,US,B08T1HRLSV,ball ice cube molds,Jagdeep.panwar@una-brands.com,Jagdeep,2023-03-20,PPC Team,Yes
Samuel World,US,B08T1HRLSV,round ice cube mold,Jagdeep.panwar@una-brands.com,Jagdeep,2023-03-20,PPC Team,Yes
Samuel World,US,B0868B3HN2,big ice cubes for whiskey,Jagdeep.panwar@una-brands.com,Jagdeep,2023-03-20,PPC Team,Yes
Samuel World,US,B0868B3HN2,large ice cube trays,Jagdeep.panwar@una-brands.com,Jagdeep,2023-03-20,PPC Team,Yes
Samuel World,US,B0868B3HN2,ice cube molds for cocktails,Jagdeep.panwar@una-brands.com,Jagdeep,2023-03-20,PPC Team,Yes
Samuel World,US,B0868B3HN2,ice mold,Jagdeep.panwar@una-brands.com,Jagdeep,2023-03-20,PPC Team,Yes
Samuel World,US,B0868B3HN2,ice cube trays,Jagdeep.panwar@una-brands.com,Jagdeep,2023-03-20,PPC Team,Yes
Samuel World,US,B0868B3HN2,large ice cube,Jagdeep.panwar@una-brands.com,Jagdeep,2023-03-20,PPC Team,Yes
Samuel World,US,B0868B3HN2,ice cube,Jagdeep.panwar@una-brands.com,Jagdeep,2023-03-20,PPC Team,Yes
Samuel World,US,B0868B3HN2,whiskey ice cubes,Jagdeep.panwar@una-brands.com,Jagdeep,2023-03-20,PPC Team,Yes
Samuel World,US,B0868B3HN2,big ice cube trays,Jagdeep.panwar@una-brands.com,Jagdeep,2023-03-20,PPC Team,Yes
Samuel World,US,B0868B3HN2,round ice cube trays,Jagdeep.panwar@una-brands.com,Jagdeep,2023-03-20,PPC Team,Yes
Samuel World,US,B0868BCWMB,big ice cubes for whiskey,Jagdeep.panwar@una-brands.com,Jagdeep,2023-03-20,PPC Team,Yes
Samuel World,US,B0868BCWMB,large ice cube trays,Jagdeep.panwar@una-brands.com,Jagdeep,2023-03-20,PPC Team,Yes
Samuel World,US,B0868BCWMB,ice cube molds for cocktails,Jagdeep.panwar@una-brands.com,Jagdeep,2023-03-20,PPC Team,Yes
Samuel World,US,B0868BCWMB,ice mold,Jagdeep.panwar@una-brands.com,Jagdeep,2023-03-20,PPC Team,Yes
Samuel World,US,B0868BCWMB,ice cube trays,Jagdeep.panwar@una-brands.com,Jagdeep,2023-03-20,PPC Team,Yes
Samuel World,US,B0868BCWMB,ice cube,Jagdeep.panwar@una-brands.com,Jagdeep,2023-03-20,PPC Team,Yes
Samuel World,US,B0868BCWMB,whiskey ice cubes,Jagdeep.panwar@una-brands.com,Jagdeep,2023-03-20,PPC Team,Yes
Samuel World,US,B0868BCWMB,big ice cube trays,Jagdeep.panwar@una-brands.com,Jagdeep,2023-03-20,PPC Team,Yes
Samuel World,US,B0868BCWMB,round ice cube trays,Jagdeep.panwar@una-brands.com,Jagdeep,2023-03-20,PPC Team,Yes
Samuel World,US,B01HVFXOZY,ice cube,Jagdeep.panwar@una-brands.com,Jagdeep,2023-03-20,PPC Team,Yes
Samuel World,US,B01HVFXOZY,ice cube tray,Jagdeep.panwar@una-brands.com,Jagdeep,2023-03-20,PPC Team,Yes
Samuel World,US,B01HVFXOZY,ice mold,Jagdeep.panwar@una-brands.com,Jagdeep,2023-03-20,PPC Team,Yes
Samuel World,US,B01HVFXOZY,large ice cube,Jagdeep.panwar@una-brands.com,Jagdeep,2023-03-20,PPC Team,Yes
Samuel World,US,B01HVFXOZY,square ice cube mold,Jagdeep.panwar@una-brands.com,Jagdeep,2023-03-20,PPC Team,Yes
Samuel World,US,B01HVFXOZY,large ice cube mold,Jagdeep.panwar@una-brands.com,Jagdeep,2023-03-20,PPC Team,Yes
Samuel World,US,B01HVFXOZY,ice cube mold,Jagdeep.panwar@una-brands.com,Jagdeep,2023-03-20,PPC Team,Yes
Samuel World,US,B01HVFXOZY,cocktail ice cube tray,Jagdeep.panwar@una-brands.com,Jagdeep,2023-03-20,PPC Team,Yes
Samuel World,US,B074M13VK4,ice cube,Jagdeep.panwar@una-brands.com,Jagdeep,2023-03-20,PPC Team,Yes
Samuel World,US,B074M13VK4,ice cube tray,Jagdeep.panwar@una-brands.com,Jagdeep,2023-03-20,PPC Team,Yes
Samuel World,US,B074M13VK4,ice mold,Jagdeep.panwar@una-brands.com,Jagdeep,2023-03-20,PPC Team,Yes
Samuel World,US,B074M13VK4,large ice cube,Jagdeep.panwar@una-brands.com,Jagdeep,2023-03-20,PPC Team,Yes
Samuel World,US,B074M13VK4,square ice cube mold,Jagdeep.panwar@una-brands.com,Jagdeep,2023-03-20,PPC Team,Yes
Samuel World,US,B074M13VK4,large ice cube mold,Jagdeep.panwar@una-brands.com,Jagdeep,2023-03-20,PPC Team,Yes
Samuel World,US,B074M13VK4,ice cube mold,Jagdeep.panwar@una-brands.com,Jagdeep,2023-03-20,PPC Team,Yes
Samuel World,US,B074M13VK4,cocktail ice cube tray,Jagdeep.panwar@una-brands.com,Jagdeep,2023-03-20,PPC Team,Yes
Samuel World,US,B01LZFHTIV,baby food cube tray,Jagdeep.panwar@una-brands.com,Jagdeep,2023-03-20,PPC Team,Yes
Samuel World,US,B01LZFHTIV,babyfood freezer trays,Jagdeep.panwar@una-brands.com,Jagdeep,2023-03-20,PPC Team,Yes
Samuel World,US,B01LZFHTIV,baby puree freezer tray,Jagdeep.panwar@una-brands.com,Jagdeep,2023-03-20,PPC Team,Yes
Samuel World,US,B01LZFHTIV,food freezer tray,Jagdeep.panwar@una-brands.com,Jagdeep,2023-03-20,PPC Team,Yes
Samuel World,US,B01LZFHTIV,baby tray,Jagdeep.panwar@una-brands.com,Jagdeep,2023-03-20,PPC Team,Yes
Samuel World,US,B073CK22JZ,baby food cube tray,Jagdeep.panwar@una-brands.com,Jagdeep,2023-03-20,PPC Team,Yes
Samuel World,US,B073CK22JZ,babyfood freezer trays,Jagdeep.panwar@una-brands.com,Jagdeep,2023-03-20,PPC Team,Yes
Samuel World,US,B073CK22JZ,baby puree freezer tray,Jagdeep.panwar@una-brands.com,Jagdeep,2023-03-20,PPC Team,Yes
Samuel World,US,B073CK22JZ,food freezer tray,Jagdeep.panwar@una-brands.com,Jagdeep,2023-03-20,PPC Team,Yes
Samuel World,US,B073CK22JZ,baby tray,Jagdeep.panwar@una-brands.com,Jagdeep,2023-03-20,PPC Team,Yes
Hook-eze,US,B071R3Y2S3,fishing knot tying tool,Jagdeep.panwar@una-brands.com,Jagdeep,2023-03-20,PPC Team,Yes
Hook-eze,US,B071R3Y2S3,knot tying tool fishing,Jagdeep.panwar@una-brands.com,Jagdeep,2023-03-20,PPC Team,Yes
Hook-eze,US,B071R3Y2S3,fishing knots tool,Jagdeep.panwar@una-brands.com,Jagdeep,2023-03-20,PPC Team,Yes
Hook-eze,US,B071R3Y2S3,fishing knot,Jagdeep.panwar@una-brands.com,Jagdeep,2023-03-20,PPC Team,Yes
Hook-eze,US,B071R3Y2S3,knot tying tools,Jagdeep.panwar@una-brands.com,Jagdeep,2023-03-20,PPC Team,Yes
Hook-eze,US,B071R3Y2S3,hook tying tool,Jagdeep.panwar@una-brands.com,Jagdeep,2023-03-20,PPC Team,Yes
Hook-eze,US,B071R3Y2S3,knot tying tool,Jagdeep.panwar@una-brands.com,Jagdeep,2023-03-20,PPC Team,Yes
Hook-eze,US,B071R3Y2S3,fishing tool,Jagdeep.panwar@una-brands.com,Jagdeep,2023-03-20,PPC Team,Yes
Hook-eze,US,B071R3Y2S3,fishing hook tool,Jagdeep.panwar@una-brands.com,Jagdeep,2023-03-20,PPC Team,Yes
Hook-eze,US,B071R3Y2S3,fish hook tying tool,Jagdeep.panwar@una-brands.com,Jagdeep,2023-03-20,PPC Team,Yes
Hook-eze,US,B071R3Y2S3,fishing hook holder,Jagdeep.panwar@una-brands.com,Jagdeep,2023-03-20,PPC Team,Yes
Hook-eze,US,B071R3Y2S3,fishing knot tying tool,shenney.tan@una-brands.com,Shenney,2023-03-29,Brand Manager,
Hook-eze,US,B071R3Y2S3,fishing knots,shenney.tan@una-brands.com,Shenney,2023-03-29,Brand Manager,
Hook-eze,US,B071R3Y2S3,fishing knot tool,shenney.tan@una-brands.com,Shenney,2023-03-29,Brand Manager,
Hook-eze,US,B071R3Y2S3,hook eze fishing knot tying tool,shenney.tan@una-brands.com,Shenney,2023-03-29,Brand Manager,
Hook-eze,US,B071R3Y2S3,fishing hook covers,shenney.tan@una-brands.com,Shenney,2023-03-29,Brand Manager,
Hook-eze,US,B071R3Y2S3,fishing hook tie tool,shenney.tan@una-brands.com,Shenney,2023-03-29,Brand Manager,
Hook-eze,US,B071R3Y2S3,hook eze,shenney.tan@una-brands.com,Shenney,2023-03-29,Brand Manager,
Hook-eze,US,B071R3Y2S3,fishing quick knot tools,shenney.tan@una-brands.com,Shenney,2023-03-29,Brand Manager,
Hook-eze,US,B071R3Y2S3,fish knot tying tool,shenney.tan@una-brands.com,Shenney,2023-03-29,Brand Manager,
Hook-eze,US,B071R3Y2S3,fishing tool,shenney.tan@una-brands.com,Shenney,2023-03-29,Brand Manager,
Hook-eze,US,B071R3Y2S3,fishing hook holder,shenney.tan@una-brands.com,Shenney,2023-03-29,Brand Manager,
Hook-eze,US,B071R3Y2S3,fishing gadget,shenney.tan@una-brands.com,Shenney,2023-03-29,Brand Manager,
Hook-eze,US,B071R3Y2S3,fishing gear,shenney.tan@una-brands.com,Shenney,2023-03-29,Brand Manager,
Hook-eze,US,B071R3Y2S3,fishing tackle,shenney.tan@una-brands.com,Shenney,2023-03-29,Brand Manager,
Hook-eze,US,B06WD2YZZP,fishing knot tying tool,Jagdeep.panwar@una-brands.com,Jagdeep,2023-03-20,PPC Team,Yes
Hook-eze,US,B06WD2YZZP,knot tying tool fishing,Jagdeep.panwar@una-brands.com,Jagdeep,2023-03-20,PPC Team,Yes
Hook-eze,US,B06WD2YZZP,fishing knots tool,Jagdeep.panwar@una-brands.com,Jagdeep,2023-03-20,PPC Team,Yes
Hook-eze,US,B06WD2YZZP,fishing knot,Jagdeep.panwar@una-brands.com,Jagdeep,2023-03-20,PPC Team,Yes
Hook-eze,US,B06WD2YZZP,knot tying tools,Jagdeep.panwar@una-brands.com,Jagdeep,2023-03-20,PPC Team,Yes
Hook-eze,US,B06WD2YZZP,hook tying tool,Jagdeep.panwar@una-brands.com,Jagdeep,2023-03-20,PPC Team,Yes
Hook-eze,US,B06WD2YZZP,knot tying tool,Jagdeep.panwar@una-brands.com,Jagdeep,2023-03-20,PPC Team,Yes
Hook-eze,US,B06WD2YZZP,fishing tool,Jagdeep.panwar@una-brands.com,Jagdeep,2023-03-20,PPC Team,Yes
Hook-eze,US,B06WD2YZZP,fishing hook tool,Jagdeep.panwar@una-brands.com,Jagdeep,2023-03-20,PPC Team,Yes
Hook-eze,US,B06WD2YZZP,fish hook tying tool,Jagdeep.panwar@una-brands.com,Jagdeep,2023-03-20,PPC Team,Yes
Hook-eze,US,B06WD2YZZP,fishing hook holder,Jagdeep.panwar@una-brands.com,Jagdeep,2023-03-20,PPC Team,Yes
Hook-eze,US,B071D6534C,fishing knot tying tool,Jagdeep.panwar@una-brands.com,Jagdeep,2023-03-20,PPC Team,Yes
Hook-eze,US,B071D6534C,knot tying tool fishing,Jagdeep.panwar@una-brands.com,Jagdeep,2023-03-20,PPC Team,Yes
Hook-eze,US,B071D6534C,fishing knots tool,Jagdeep.panwar@una-brands.com,Jagdeep,2023-03-20,PPC Team,Yes
Hook-eze,US,B071D6534C,fishing knot,Jagdeep.panwar@una-brands.com,Jagdeep,2023-03-20,PPC Team,Yes
Hook-eze,US,B071D6534C,knot tying tools,Jagdeep.panwar@una-brands.com,Jagdeep,2023-03-20,PPC Team,Yes
Hook-eze,US,B071D6534C,hook tying tool,Jagdeep.panwar@una-brands.com,Jagdeep,2023-03-20,PPC Team,Yes
Hook-eze,US,B071D6534C,knot tying tool,Jagdeep.panwar@una-brands.com,Jagdeep,2023-03-20,PPC Team,Yes
Hook-eze,US,B071D6534C,fishing tool,Jagdeep.panwar@una-brands.com,Jagdeep,2023-03-20,PPC Team,Yes
Hook-eze,US,B071D6534C,fishing hook tool,Jagdeep.panwar@una-brands.com,Jagdeep,2023-03-20,PPC Team,Yes
Hook-eze,US,B071D6534C,fish hook tying tool,Jagdeep.panwar@una-brands.com,Jagdeep,2023-03-20,PPC Team,Yes
Hook-eze,US,B071D6534C,fishing hook holder,Jagdeep.panwar@una-brands.com,Jagdeep,2023-03-20,PPC Team,Yes
Hook-eze,US,B08V8VN7JT,fishing knot tying tool,Jagdeep.panwar@una-brands.com,Jagdeep,2023-03-20,PPC Team,Yes
Hook-eze,US,B08V8VN7JT,knot tying tool fishing,Jagdeep.panwar@una-brands.com,Jagdeep,2023-03-20,PPC Team,Yes
Hook-eze,US,B08V8VN7JT,fishing knots tool,Jagdeep.panwar@una-brands.com,Jagdeep,2023-03-20,PPC Team,Yes
Hook-eze,US,B08V8VN7JT,fishing knot,Jagdeep.panwar@una-brands.com,Jagdeep,2023-03-20,PPC Team,Yes
Hook-eze,US,B08V8VN7JT,knot tying tools,Jagdeep.panwar@una-brands.com,Jagdeep,2023-03-20,PPC Team,Yes
Hook-eze,US,B08V8VN7JT,hook tying tool,Jagdeep.panwar@una-brands.com,Jagdeep,2023-03-20,PPC Team,Yes
Hook-eze,US,B08V8VN7JT,knot tying tool,Jagdeep.panwar@una-brands.com,Jagdeep,2023-03-20,PPC Team,Yes
Hook-eze,US,B08V8VN7JT,fishing tool,Jagdeep.panwar@una-brands.com,Jagdeep,2023-03-20,PPC Team,Yes
Hook-eze,US,B08V8VN7JT,fishing hook tool,Jagdeep.panwar@una-brands.com,Jagdeep,2023-03-20,PPC Team,Yes
Hook-eze,US,B08V8VN7JT,fish hook tying tool,Jagdeep.panwar@una-brands.com,Jagdeep,2023-03-20,PPC Team,Yes
Hook-eze,US,B08V8VN7JT,fishing hook holder,Jagdeep.panwar@una-brands.com,Jagdeep,2023-03-20,PPC Team,Yes
Hook-eze,US,B08V8VN7JT,fishing knot tying tool,shenney.tan@una-brands.com,Shenney,2023-03-29,Brand Manager,
Hook-eze,US,B08V8VN7JT,fishing knots,shenney.tan@una-brands.com,Shenney,2023-03-29,Brand Manager,
Hook-eze,US,B08V8VN7JT,fishing knot tool,shenney.tan@una-brands.com,Shenney,2023-03-29,Brand Manager,
Hook-eze,US,B08V8VN7JT,hook eze fishing knot tying tool,shenney.tan@una-brands.com,Shenney,2023-03-29,Brand Manager,
Hook-eze,US,B08V8VN7JT,fishing hook covers,shenney.tan@una-brands.com,Shenney,2023-03-29,Brand Manager,
Hook-eze,US,B08V8VN7JT,fishing hook tie tool,shenney.tan@una-brands.com,Shenney,2023-03-29,Brand Manager,
Hook-eze,US,B08V8VN7JT,hook eze,shenney.tan@una-brands.com,Shenney,2023-03-29,Brand Manager,
Hook-eze,US,B08V8VN7JT,fishing quick knot tools,shenney.tan@una-brands.com,Shenney,2023-03-29,Brand Manager,
Hook-eze,US,B08V8VN7JT,fish knot tying tool,shenney.tan@una-brands.com,Shenney,2023-03-29,Brand Manager,
Hook-eze,US,B08V8VN7JT,fishing tool,shenney.tan@una-brands.com,Shenney,2023-03-29,Brand Manager,
Hook-eze,US,B08V8VN7JT,fishing hook holder,shenney.tan@una-brands.com,Shenney,2023-03-29,Brand Manager,
Hook-eze,US,B08V8VN7JT,fishing gadget,shenney.tan@una-brands.com,Shenney,2023-03-29,Brand Manager,
Hook-eze,US,B08V8VN7JT,fishing gear,shenney.tan@una-brands.com,Shenney,2023-03-29,Brand Manager,
Hook-eze,US,B08V8VN7JT,fishing tackle,shenney.tan@una-brands.com,Shenney,2023-03-29,Brand Manager,
Hook-eze,US,B01MCVZ48A,fishing knot tying tool,Jagdeep.panwar@una-brands.com,Jagdeep,2023-03-20,PPC Team,Yes
Hook-eze,US,B01MCVZ48A,knot tying tool fishing,Jagdeep.panwar@una-brands.com,Jagdeep,2023-03-20,PPC Team,Yes
Hook-eze,US,B01MCVZ48A,fishing knots tool,Jagdeep.panwar@una-brands.com,Jagdeep,2023-03-20,PPC Team,Yes
Hook-eze,US,B01MCVZ48A,fishing knot,Jagdeep.panwar@una-brands.com,Jagdeep,2023-03-20,PPC Team,Yes
Hook-eze,US,B01MCVZ48A,knot tying tools,Jagdeep.panwar@una-brands.com,Jagdeep,2023-03-20,PPC Team,Yes
Hook-eze,US,B01MCVZ48A,hook tying tool,Jagdeep.panwar@una-brands.com,Jagdeep,2023-03-20,PPC Team,Yes
Hook-eze,US,B01MCVZ48A,knot tying tool,Jagdeep.panwar@una-brands.com,Jagdeep,2023-03-20,PPC Team,Yes
Hook-eze,US,B01MCVZ48A,fishing tool,Jagdeep.panwar@una-brands.com,Jagdeep,2023-03-20,PPC Team,Yes
Hook-eze,US,B01MCVZ48A,fishing hook tool,Jagdeep.panwar@una-brands.com,Jagdeep,2023-03-20,PPC Team,Yes
Hook-eze,US,B01MCVZ48A,fish hook tying tool,Jagdeep.panwar@una-brands.com,Jagdeep,2023-03-20,PPC Team,Yes
Gobam,US,B08L5WWHQR,round wooden stool,Jagdeep.panwar@una-brands.com,Jagdeep,2023-03-20,PPC Team,Yes
Gobam,US,B08L5WWHQR,kids wooden stool,Jagdeep.panwar@una-brands.com,Jagdeep,2023-03-20,PPC Team,Yes
Gobam,US,B08L5WWHQR,bamboo stool,Jagdeep.panwar@una-brands.com,Jagdeep,2023-03-20,PPC Team,Yes
Gobam,US,B08L5WWHQR,small wooden stool,Jagdeep.panwar@una-brands.com,Jagdeep,2023-03-20,PPC Team,Yes
Gobam,US,B08L5WWHQR,kids stools for sitting,Jagdeep.panwar@una-brands.com,Jagdeep,2023-03-20,PPC Team,Yes
Gobam,US,B08L5WWHQR,small stool wooden,Jagdeep.panwar@una-brands.com,Jagdeep,2023-03-20,PPC Team,Yes
Gobam,US,B08L5WWHQR,wooden stool,Jagdeep.panwar@una-brands.com,Jagdeep,2023-03-20,PPC Team,Yes
Gobam,US,B08L5X3CRC,stool,Jagdeep.panwar@una-brands.com,Jagdeep,2023-03-20,PPC Team,Yes
Gobam,US,B08L5X3CRC,step stools for adults,Jagdeep.panwar@una-brands.com,Jagdeep,2023-03-20,PPC Team,Yes
Gobam,US,B08L5X3CRC,step stool,Jagdeep.panwar@una-brands.com,Jagdeep,2023-03-20,PPC Team,Yes
Gobam,US,B08L5X3CRC,wood stool,Jagdeep.panwar@una-brands.com,Jagdeep,2023-03-20,PPC Team,Yes
Gobam,US,B08L5X3CRC,round step stool,Jagdeep.panwar@una-brands.com,Jagdeep,2023-03-20,PPC Team,Yes
Gobam,US,B08L5X3CRC,table,Jagdeep.panwar@una-brands.com,Jagdeep,2023-03-20,PPC Team,Yes
Gobam,US,B08L5X3CRC,small stool,Jagdeep.panwar@una-brands.com,Jagdeep,2023-03-20,PPC Team,Yes
Gobam,US,B08L5X3CRC,wood step stool,Jagdeep.panwar@una-brands.com,Jagdeep,2023-03-20,PPC Team,Yes
Gobam,US,B08L5X3CRC,round wooden stool,Jagdeep.panwar@una-brands.com,Jagdeep,2023-03-20,PPC Team,Yes
Gobam,US,B08L5X3CRC,kids wooden stool,Jagdeep.panwar@una-brands.com,Jagdeep,2023-03-20,PPC Team,Yes
Gobam,US,B08L5X3CRC,bamboo stool,Jagdeep.panwar@una-brands.com,Jagdeep,2023-03-20,PPC Team,Yes
Gobam,US,B08L5X3CRC,small wooden stool,Jagdeep.panwar@una-brands.com,Jagdeep,2023-03-20,PPC Team,Yes
Gobam,US,B08L5X3CRC,kids stools for sitting,Jagdeep.panwar@una-brands.com,Jagdeep,2023-03-20,PPC Team,Yes
Gobam,US,B08L5X3CRC,small stool wooden,Jagdeep.panwar@una-brands.com,Jagdeep,2023-03-20,PPC Team,Yes
Gobam,US,B08L5X3CRC,wooden stool,Jagdeep.panwar@una-brands.com,Jagdeep,2023-03-20,PPC Team,Yes
Gobam,US,B08L5X3CRC,small stool,pedro.vianna@una-brands.com,Pedro Vianna,2023-03-30,Brand Manager,
Gobam,US,B08L5X3CRC,bamboo stool,pedro.vianna@una-brands.com,Pedro Vianna,2023-03-30,Brand Manager,
Gobam,US,B08L5X3CRC,wood stool for bathroom,pedro.vianna@una-brands.com,Pedro Vianna,2023-03-30,Brand Manager,
Gobam,US,B08L5X3CRC,bamboo step stool,pedro.vianna@una-brands.com,Pedro Vianna,2023-03-30,Brand Manager,
Gobam,US,B08L5X3CRC,round step stool,pedro.vianna@una-brands.com,Pedro Vianna,2023-03-30,Brand Manager,
Gobam,US,B08L5X3CRC,bamboo stool for shower,pedro.vianna@una-brands.com,Pedro Vianna,2023-03-30,Brand Manager,
Gobam,US,B01N1HZYWZ,bamboo bath mat,Jagdeep.panwar@una-brands.com,Jagdeep,2023-03-20,PPC Team,Yes
Gobam,US,B01N1HZYWZ,gobam bamboo bath mat,Jagdeep.panwar@una-brands.com,Jagdeep,2023-03-20,PPC Team,Yes
Gobam,US,B01N1HZYWZ,teak shower mat,Jagdeep.panwar@una-brands.com,Jagdeep,2023-03-20,PPC Team,Yes
Gobam,US,B01N1HZYWZ,bamboo bath mat,Jagdeep.panwar@una-brands.com,Jagdeep,2023-03-20,PPC Team,Yes
Gobam,US,B01N1HZYWZ,bath mat wooden,Jagdeep.panwar@una-brands.com,Jagdeep,2023-03-20,PPC Team,Yes
Gobam,US,B01N1HZYWZ,bamboo mat,Jagdeep.panwar@una-brands.com,Jagdeep,2023-03-20,PPC Team,Yes
Gobam,US,B01N1HZYWZ,bath mat,Jagdeep.panwar@una-brands.com,Jagdeep,2023-03-20,PPC Team,Yes
Gobam,US,B01N1HZYWZ,shower mat,Jagdeep.panwar@una-brands.com,Jagdeep,2023-03-20,PPC Team,Yes
Gobam,US,B01N1HZYWZ,nonslip bamboo bath mat,Jagdeep.panwar@una-brands.com,Jagdeep,2023-03-20,PPC Team,Yes
Gobam,US,B01N1HZYWZ,wood shower mat,Jagdeep.panwar@una-brands.com,Jagdeep,2023-03-20,PPC Team,Yes
Gobam,US,B01N1HZYWZ,bath wood mat,Jagdeep.panwar@una-brands.com,Jagdeep,2023-03-20,PPC Team,Yes
Gobam,US,B01N1HZYWZ,bamboo bath mat,pedro.vianna@una-brands.com,Pedro Vianna,2023-03-30,Brand Manager,
Gobam,US,B01N1HZYWZ,bamboo shower mat,pedro.vianna@una-brands.com,Pedro Vianna,2023-03-30,Brand Manager,
Gobam,US,B01N1HZYWZ,bamboo mat,pedro.vianna@una-brands.com,Pedro Vianna,2023-03-30,Brand Manager,
Gobam,US,B01N1HZYWZ,wooden bath mats,pedro.vianna@una-brands.com,Pedro Vianna,2023-03-30,Brand Manager,
Gobam,US,B01N1HZYWZ,wood bath mat,pedro.vianna@una-brands.com,Pedro Vianna,2023-03-30,Brand Manager,
Gobam,US,B01N1HZYWZ,bamboo floor mat,pedro.vianna@una-brands.com,Pedro Vianna,2023-03-30,Brand Manager,
Gobam,US,B01N1HZYWZ,bamboo bathroom mat,pedro.vianna@una-brands.com,Pedro Vianna,2023-03-30,Brand Manager,
Gobam,US,B01N1HZYWZ,wood shower mat,pedro.vianna@una-brands.com,Pedro Vianna,2023-03-30,Brand Manager,
Gobam,US,B01N1HZYWZ,wooden shower mats,pedro.vianna@una-brands.com,Pedro Vianna,2023-03-30,Brand Manager,
Inaya,US,B07W3JS1LL,child proof cabinet latches,nazyra.suhairi@una-brands.com,Nazyra,2023-03-29,Brand Manager,
Inaya,US,B07W3JS1LL,child locks for cabinets,nazyra.suhairi@una-brands.com,Nazyra,2023-03-29,Brand Manager,
Inaya,US,B07W3JS1LL,baby locks for cabinets and drawers,nazyra.suhairi@una-brands.com,Nazyra,2023-03-29,Brand Manager,
Inaya,US,B07W3JS1LL,child safety cabinet locks,nazyra.suhairi@una-brands.com,Nazyra,2023-03-29,Brand Manager,
Inaya,US,B07W3JS1LL,cabinet locks for babies,nazyra.suhairi@una-brands.com,Nazyra,2023-03-29,Brand Manager,
Inaya,US,B07W3JS1LL,drawer locks baby proofing,nazyra.suhairi@una-brands.com,Nazyra,2023-03-29,Brand Manager,
Inaya,US,B07W3JS1LL,cabinet locks,nazyra.suhairi@una-brands.com,Nazyra,2023-03-29,Brand Manager,
Inaya,US,B07W3JS1LL,baby proofing cabinets,nazyra.suhairi@una-brands.com,Nazyra,2023-03-29,Brand Manager,
Inaya,US,B07W3JS1LL,cabinet lock,nazyra.suhairi@una-brands.com,Nazyra,2023-03-29,Brand Manager,
Inaya,US,B07W3JS1LL,baby proof,nazyra.suhairi@una-brands.com,Nazyra,2023-03-29,Brand Manager,
Inaya,US,B07W3JS1LL,baby safety products,nazyra.suhairi@una-brands.com,Nazyra,2023-03-29,Brand Manager,
Inaya,US,B07W3JS1LL,baby proofing,nazyra.suhairi@una-brands.com,Nazyra,2023-03-29,Brand Manager,
Inaya,US,B07W3JS1LL,door handle child proof,nazyra.suhairi@una-brands.com,Nazyra,2023-03-29,Brand Manager,
Inaya,US,B07W3JS1LL,magnetic cabinet locks,nazyra.suhairi@una-brands.com,Nazyra,2023-03-29,Brand Manager,
Inaya,US,B07W3JS1LL,baby proofing kit,nazyra.suhairi@una-brands.com,Nazyra,2023-03-29,Brand Manager,
Inaya,US,B07W3JS1LL,child proof door knob covers,nazyra.suhairi@una-brands.com,Nazyra,2023-03-29,Brand Manager,
Inaya,US,B07W3JS1LL,door locks for kids safety,nazyra.suhairi@una-brands.com,Nazyra,2023-03-29,Brand Manager,
Inaya,US,B07W3JS1LL,door knob child proof,nazyra.suhairi@una-brands.com,Nazyra,2023-03-29,Brand Manager,
Inaya,US,B07W3JS1LL,safety locks for doors,nazyra.suhairi@una-brands.com,Nazyra,2023-03-29,Brand Manager,
Zoo Snoods,US,B01L82NG7C,dog easter outfit,hazel.hoo@una-brands.com,Hazel,2023-03-29,Brand Manager,
Zoo Snoods,US,B01L82NG7C,dog bunny costume,hazel.hoo@una-brands.com,Hazel,2023-03-29,Brand Manager,
Zoo Snoods,US,B01L82NG7C,easter costumes for dogs,hazel.hoo@una-brands.com,Hazel,2023-03-29,Brand Manager,
Zoo Snoods,US,B01L82NG7C,bunny snood,hazel.hoo@una-brands.com,Hazel,2023-03-29,Brand Manager,
Zoo Snoods,US,B01L82NG7C,xs dog bunny,hazel.hoo@una-brands.com,Hazel,2023-03-29,Brand Manager,
Zoo Snoods,US,B01L82NG7C,bulldog easter outfit,hazel.hoo@una-brands.com,Hazel,2023-03-29,Brand Manager,
Zoo Snoods,US,B01L82NG7C,rabbit eara dog,hazel.hoo@una-brands.com,Hazel,2023-03-29,Brand Manager,
Zoo Snoods,US,B01L82NG7C,easter dog baskets,hazel.hoo@una-brands.com,Hazel,2023-03-29,Brand Manager,
Zoo Snoods,US,B01L82NG7C,bunny eats for dogs,hazel.hoo@una-brands.com,Hazel,2023-03-29,Brand Manager,
Zoo Snoods,US,B01L82NG7C,crotcget bunny ears for dogs,hazel.hoo@una-brands.com,Hazel,2023-03-29,Brand Manager,
Zoo Snoods,US,B01L82NG7C,dog bunny costume large,hazel.hoo@una-brands.com,Hazel,2023-03-29,Brand Manager,
Zoo Snoods,US,B01L82NG7C,easter outfit for dog,hazel.hoo@una-brands.com,Hazel,2023-03-29,Brand Manager,
Zoo Snoods,US,B01L82NG7C,rabbit ears for dogs,hazel.hoo@una-brands.com,Hazel,2023-03-29,Brand Manager,
Zoo Snoods,US,B01L82NG7C,dog easter costume,hazel.hoo@una-brands.com,Hazel,2023-03-29,Brand Manager,
Zoo Snoods,US,B01L82NG7C,bunny ears dog,hazel.hoo@una-brands.com,Hazel,2023-03-29,Brand Manager,
Zoo Snoods,US,B01L82NF3M,dog bunny ears,hazel.hoo@una-brands.com,Hazel,2023-03-29,Brand Manager,
Zoo Snoods,US,B01L82NF3M,bunny costume for dogs,hazel.hoo@una-brands.com,Hazel,2023-03-29,Brand Manager,
Zoo Snoods,US,B01L82NF3M,easter bunny costume for dogs,hazel.hoo@una-brands.com,Hazel,2023-03-29,Brand Manager,
Zoo Snoods,US,B01L82NF3M,bunny dog costume,hazel.hoo@una-brands.com,Hazel,2023-03-29,Brand Manager,
Zoo Snoods,US,B01L82NF3M,easter dog sweaters for small dogs,hazel.hoo@una-brands.com,Hazel,2023-03-29,Brand Manager,
Zoo Snoods,US,B01L82NF3M,bunny costume dog,hazel.hoo@una-brands.com,Hazel,2023-03-29,Brand Manager,
Zoo Snoods,US,B01L82NF3M,dog easter,hazel.hoo@una-brands.com,Hazel,2023-03-29,Brand Manager,
Zoo Snoods,US,B01L82NF3M,easter bunny dog costume,hazel.hoo@una-brands.com,Hazel,2023-03-29,Brand Manager,
Zoo Snoods,US,B01L82NF3M,dog bunny ears hat,hazel.hoo@una-brands.com,Hazel,2023-03-29,Brand Manager,
Zoo Snoods,US,B01L82NF3M,bunny hat for dogs,hazel.hoo@una-brands.com,Hazel,2023-03-29,Brand Manager,
Zoo Snoods,US,B01L82NF3M,snood dog bunny,hazel.hoo@una-brands.com,Hazel,2023-03-29,Brand Manager,
Zoo Snoods,US,B01L82NF3M,easter bunny ears for small dog,hazel.hoo@una-brands.com,Hazel,2023-03-29,Brand Manager,
Zoo Snoods,US,B01L82NF3M,sog bunny ears,hazel.hoo@una-brands.com,Hazel,2023-03-29,Brand Manager,
Zoo Snoods,US,B089T7Y7QB,snoods for dogs,hazel.hoo@una-brands.com,Hazel,2023-03-29,Brand Manager,
Zoo Snoods,US,B089T7Y7QB,no flap ear wraps for dogs,hazel.hoo@una-brands.com,Hazel,2023-03-29,Brand Manager,
Zoo Snoods,US,B089T7Y7QB,zoo snoods for dogs,hazel.hoo@una-brands.com,Hazel,2023-03-29,Brand Manager,
Zoo Snoods,US,B089T7Y7QB,dog snood,hazel.hoo@una-brands.com,Hazel,2023-03-29,Brand Manager,
Zoo Snoods,US,B089T7Y7QB,zoo snoods,hazel.hoo@una-brands.com,Hazel,2023-03-29,Brand Manager,
Zoo Snoods,US,B089T7Y7QB,quiet ears for dogs,hazel.hoo@una-brands.com,Hazel,2023-03-29,Brand Manager,
Zoo Snoods,US,B089T7Y7QB,baby yoda dog costume,hazel.hoo@una-brands.com,Hazel,2023-03-29,Brand Manager,
Zoo Snoods,US,B089T7Y7QB,dog hat,hazel.hoo@una-brands.com,Hazel,2023-03-29,Brand Manager,
Zoo Snoods,US,B089T7Y7QB,quiet ears for small dogs,hazel.hoo@una-brands.com,Hazel,2023-03-29,Brand Manager,
Zoo Snoods,US,B089T7Y7QB,dog snood small,hazel.hoo@una-brands.com,Hazel,2023-03-29,Brand Manager,
Zoo Snoods,US,B089T7Y7QB,no flap ear wrap,hazel.hoo@una-brands.com,Hazel,2023-03-29,Brand Manager,
Zoo Snoods,US,B089T7Y7QB,yoda dog costume,hazel.hoo@una-brands.com,Hazel,2023-03-29,Brand Manager,
Zoo Snoods,US,B089T7Y7QB,dog hood,hazel.hoo@una-brands.com,Hazel,2023-03-29,Brand Manager,
Zoo Snoods,US,B089T7Y7QB,basset hound ear holder,hazel.hoo@una-brands.com,Hazel,2023-03-29,Brand Manager,
Zoo Snoods,US,B089T7Y7QB,dog hats,hazel.hoo@una-brands.com,Hazel,2023-03-29,Brand Manager,
Zoo Snoods,US,B089T7Y7QB,hats for pitt bulls,hazel.hoo@una-brands.com,Hazel,2023-03-29,Brand Manager,
Zoo Snoods,US,B089T7Y7QB,dog snoods,hazel.hoo@una-brands.com,Hazel,2023-03-29,Brand Manager,
Zoo Snoods,US,B089T7Y7QB,star wars dog costume,hazel.hoo@una-brands.com,Hazel,2023-03-29,Brand Manager,
Zoo Snoods,US,B089T7Y7QB,dog hats for large dogs,hazel.hoo@una-brands.com,Hazel,2023-03-29,Brand Manager,
Zoo Snoods,US,B089T7Y7QB,grogu dog costume,hazel.hoo@una-brands.com,Hazel,2023-03-29,Brand Manager,
Zoo Snoods,US,B089T7Y7QB,beanie for chihuahua,hazel.hoo@una-brands.com,Hazel,2023-03-29,Brand Manager,
Zoo Snoods,US,B089T7Y7QB,dog quiet ears hat,hazel.hoo@una-brands.com,Hazel,2023-03-29,Brand Manager,
Zoo Snoods,US,B089T7Y7QB,dog ear covers,hazel.hoo@una-brands.com,Hazel,2023-03-29,Brand Manager,
Zoo Snoods,US,B089T7Y7QB,zoo snoods for small dogs,hazel.hoo@una-brands.com,Hazel,2023-03-29,Brand Manager,
Zoo Snoods,US,B089T7Y7QB,dog quiet ears,hazel.hoo@una-brands.com,Hazel,2023-03-29,Brand Manager,
Zoo Snoods,US,B089T7Y7QB,dog giraffe costume,hazel.hoo@una-brands.com,Hazel,2023-03-29,Brand Manager,
Zoo Snoods,US,B089T7Y7QB,bunny costume for dog,hazel.hoo@una-brands.com,Hazel,2023-03-29,Brand Manager,
Zoo Snoods,US,B089T7Y7QB,dog beanie,hazel.hoo@una-brands.com,Hazel,2023-03-29,Brand Manager,
Zoo Snoods,US,B089T7Y7QB,dog snoods for cavaliers,hazel.hoo@una-brands.com,Hazel,2023-03-29,Brand Manager,
Zoo Snoods,US,B089T7Y7QB,dog ear wrap,hazel.hoo@una-brands.com,Hazel,2023-03-29,Brand Manager,
Zoo Snoods,US,B089T7Y7QB,no shake ear wrap dog,hazel.hoo@una-brands.com,Hazel,2023-03-29,Brand Manager,
Zoo Snoods,US,B089T7Y7QB,happy hoodies for dogs,hazel.hoo@una-brands.com,Hazel,2023-03-29,Brand Manager,
Zoo Snoods,US,B089T7Y7QB,ear flap for dogs,hazel.hoo@una-brands.com,Hazel,2023-03-29,Brand Manager,
Zoo Snoods,US,B089T7Y7QB,dog ear cover,hazel.hoo@una-brands.com,Hazel,2023-03-29,Brand Manager,
Zoo Snoods,US,B089T7Y7QB,no flap ear wraps for dogs for hematoma,hazel.hoo@una-brands.com,Hazel,2023-03-29,Brand Manager,
Zoo Snoods,US,B01L82NDZ2,bunny ears for dogs,hazel.hoo@una-brands.com,Hazel,2023-03-29,Brand Manager,
Zoo Snoods,US,B01L82NDZ2,easter bunny ears for dogs,hazel.hoo@una-brands.com,Hazel,2023-03-29,Brand Manager,
Zoo Snoods,US,B01L82NDZ2,dog rabbit ears,hazel.hoo@una-brands.com,Hazel,2023-03-29,Brand Manager,
Zoo Snoods,US,B01L82NDZ2,easter dog costume,hazel.hoo@una-brands.com,Hazel,2023-03-29,Brand Manager,
Zoo Snoods,US,B089T7RX7L,snood for dogs,hazel.hoo@una-brands.com,Hazel,2023-03-29,Brand Manager,
Zoo Snoods,US,B089T7RX7L,dog snood medium,hazel.hoo@una-brands.com,Hazel,2023-03-29,Brand Manager,
Zoo Snoods,US,B089T7RX7L,dog beanie hat,hazel.hoo@una-brands.com,Hazel,2023-03-29,Brand Manager,
Zoo Snoods,US,B089T7RX7L,chihuahua beanie,hazel.hoo@una-brands.com,Hazel,2023-03-29,Brand Manager,
Zoo Snoods,US,B089T7RX7L,hat for dogs,hazel.hoo@una-brands.com,Hazel,2023-03-29,Brand Manager,
Zoo Snoods,US,B089T7RX7L,doggie snood,hazel.hoo@una-brands.com,Hazel,2023-03-29,Brand Manager,
Zoo Snoods,US,B089T7RX7L,dog snnod,hazel.hoo@una-brands.com,Hazel,2023-03-29,Brand Manager,
Zoo Snoods,US,B089T7RX7L,small happy hoodies for dogs,hazel.hoo@una-brands.com,Hazel,2023-03-29,Brand Manager,
Zoo Snoods,US,B089T7RX7L,small dog unicorn horn,hazel.hoo@una-brands.com,Hazel,2023-03-29,Brand Manager,
Zoo Snoods,US,B01L82N442,cow costume for bulldogs,hazel.hoo@una-brands.com,Hazel,2023-03-29,Brand Manager,
Zoo Snoods,US,B01L82N92E,snood dog coatume fox ears,hazel.hoo@una-brands.com,Hazel,2023-03-29,Brand Manager,
Zoo Snoods,US,B01L82N6FY,polar bear hat for dogs,hazel.hoo@una-brands.com,Hazel,2023-03-29,Brand Manager,
Zoo Snoods,US,B089T9FTXQ,xs dog hats for small dogs,hazel.hoo@una-brands.com,Hazel,2023-03-29,Brand Manager,
Zoo Snoods,US,B089T9FTXQ,unicorn snood for dogs,hazel.hoo@una-brands.com,Hazel,2023-03-29,Brand Manager,
Zoo Snoods,US,B089T9FTXQ,knitted ears for big dogs,hazel.hoo@una-brands.com,Hazel,2023-03-29,Brand Manager,
Zoo Snoods,US,B089T9FTXQ,dog snood with bunny ears,hazel.hoo@una-brands.com,Hazel,2023-03-29,Brand Manager,
Zoo Snoods,US,B089T9FTXQ,passover dog costume,hazel.hoo@una-brands.com,Hazel,2023-03-29,Brand Manager,
Zoo Snoods,US,B089T9FTXQ,crochet bunny dog hat,hazel.hoo@una-brands.com,Hazel,2023-03-29,Brand Manager,
Zoo Snoods,US,B089T9FTXQ,black ear protection for dogs with ear flaps missing,hazel.hoo@una-brands.com,Hazel,2023-03-29,Brand Manager,
Zoo Snoods,US,B089T9FTXQ,ear mitts for dogs,hazel.hoo@una-brands.com,Hazel,2023-03-29,Brand Manager,
Zoo Snoods,US,B089T9FTXQ,atat dog costume,hazel.hoo@una-brands.com,Hazel,2023-03-29,Brand Manager,
Zoo Snoods,US,B089T9FTXQ,zoo snood,hazel.hoo@una-brands.com,Hazel,2023-03-29,Brand Manager,
Zoo Snoods,US,B089T9FTXQ,bath ear protectors for chihuahuas,hazel.hoo@una-brands.com,Hazel,2023-03-29,Brand Manager,
Zoo Snoods,US,B089T9FTXQ,dog easter dress,hazel.hoo@una-brands.com,Hazel,2023-03-29,Brand Manager,
Zoo Snoods,US,B089T9FTXQ,quiet ears,hazel.hoo@una-brands.com,Hazel,2023-03-29,Brand Manager,
Zoo Snoods,US,B089T9FTXQ,dog hats for small dogs,hazel.hoo@una-brands.com,Hazel,2023-03-29,Brand Manager,
Zoo Snoods,US,B089T9FTXQ,dachshund hats for dogs,hazel.hoo@una-brands.com,Hazel,2023-03-29,Brand Manager,
Zoo Snoods,US,B089T9FTXQ,puppy easter outfit,hazel.hoo@una-brands.com,Hazel,2023-03-29,Brand Manager,
Zoo Snoods,US,B089T9FTXQ,easter costume for dog,hazel.hoo@una-brands.com,Hazel,2023-03-29,Brand Manager,
Zoo Snoods,US,B089T9FTXQ,large dog easter outfit,hazel.hoo@una-brands.com,Hazel,2023-03-29,Brand Manager,
Zoo Snoods,US,B089T9FTXQ,hats for chihuahua dogs,hazel.hoo@una-brands.com,Hazel,2023-03-29,Brand Manager,
Zoo Snoods,US,B07L43BQWK,rhino dog hoodie,hazel.hoo@una-brands.com,Hazel,2023-03-29,Brand Manager,
Zoo Snoods,US,B01L82NLN6,dinosaur dog costume,hazel.hoo@una-brands.com,Hazel,2023-03-29,Brand Manager,
Inaya,US,B08Q6X9YDY,child locks for cabinets,nazyra.suhairi@una-brands.com,Nazyra,2023-03-29,Brand Manager,
Inaya,US,B08Q6X9YDY,cabinet locks for babies,nazyra.suhairi@una-brands.com,Nazyra,2023-03-29,Brand Manager,
Inaya,US,B08Q6X9YDY,child safety cabinet locks,nazyra.suhairi@una-brands.com,Nazyra,2023-03-29,Brand Manager,
Inaya,US,B08Q6X9YDY,child proof cabinet latches,nazyra.suhairi@una-brands.com,Nazyra,2023-03-29,Brand Manager,
Inaya,US,B08Q6X9YDY,door locks for kids safety,nazyra.suhairi@una-brands.com,Nazyra,2023-03-29,Brand Manager,
Inaya,US,B08Q6X9YDY,door handle child proof,nazyra.suhairi@una-brands.com,Nazyra,2023-03-29,Brand Manager,
Inaya,US,B08Q6X9YDY,fridge locks for kids,nazyra.suhairi@una-brands.com,Nazyra,2023-03-29,Brand Manager,
Inaya,US,B08Q6X9YDY,drawer locks baby proofing,nazyra.suhairi@una-brands.com,Nazyra,2023-03-29,Brand Manager,
Inaya,US,B08Q6X9YDY,baby proofing cabinets,nazyra.suhairi@una-brands.com,Nazyra,2023-03-29,Brand Manager,
Inaya,US,B08Q6X9YDY,baby locks for cabinets and drawers,nazyra.suhairi@una-brands.com,Nazyra,2023-03-29,Brand Manager,
Inaya,US,B08Q6X9YDY,cabinet locks,nazyra.suhairi@una-brands.com,Nazyra,2023-03-29,Brand Manager,
Inaya,US,B08Q6X9YDY,baby proof,nazyra.suhairi@una-brands.com,Nazyra,2023-03-29,Brand Manager,
Inaya,US,B08Q6X9YDY,baby proofing,nazyra.suhairi@una-brands.com,Nazyra,2023-03-29,Brand Manager,
Inaya,US,B08Q6X9YDY,fridge lock,nazyra.suhairi@una-brands.com,Nazyra,2023-03-29,Brand Manager,
Inaya,US,B08Q6X9YDY,safety locks for doors,nazyra.suhairi@una-brands.com,Nazyra,2023-03-29,Brand Manager,
Inaya,US,B08Q6X9YDY,door knob child proof,nazyra.suhairi@una-brands.com,Nazyra,2023-03-29,Brand Manager,
Inaya,US,B08Q6X9YDY,baby proofing kit,nazyra.suhairi@una-brands.com,Nazyra,2023-03-29,Brand Manager,
Inaya,US,B08Q6X9YDY,cabinet lock,nazyra.suhairi@una-brands.com,Nazyra,2023-03-29,Brand Manager,
Inaya,US,B08Q6X9YDY,refrigerator lock,nazyra.suhairi@una-brands.com,Nazyra,2023-03-29,Brand Manager,
Inaya,US,B08Q6X9YDY,baby safety products,nazyra.suhairi@una-brands.com,Nazyra,2023-03-29,Brand Manager,
Inaya,US,B08Q6X9YDY,door latch,nazyra.suhairi@una-brands.com,Nazyra,2023-03-29,Brand Manager,
Inaya,US,B08Q6X9YDY,sliding door lock,nazyra.suhairi@una-brands.com,Nazyra,2023-03-29,Brand Manager,
Bellaforte,US,B0856Z5DW4,plastic tumblers drinking glasses,yuanqi.ong@una-brands.com,Yuan Qi,2023-03-29,Brand Manager,
Bellaforte,US,B0856Z5DW4,bpa free acrylic glasses triton,yuanqi.ong@una-brands.com,Yuan Qi,2023-03-29,Brand Manager,
Bellaforte,US,B0856Z5DW4,plastic glassware set,yuanqi.ong@una-brands.com,Yuan Qi,2023-03-29,Brand Manager,
Bellaforte,US,B0856Z5DW4,shatterproof glasses for outdoor,yuanqi.ong@una-brands.com,Yuan Qi,2023-03-29,Brand Manager,
Bellaforte,US,B0856Z5DW4,clear plastic drinking glasses,yuanqi.ong@una-brands.com,Yuan Qi,2023-03-29,Brand Manager,
Bellaforte,US,B0856Z5DW4,acrylic tumblers dishwasher safe,yuanqi.ong@una-brands.com,Yuan Qi,2023-03-29,Brand Manager,
Bellaforte,US,B0856Z5DW4,clear acrylic glassware,yuanqi.ong@una-brands.com,Yuan Qi,2023-03-29,Brand Manager,
Bellaforte,US,B0856Z5DW4,tritan drinking glasses,yuanqi.ong@una-brands.com,Yuan Qi,2023-03-29,Brand Manager,
Bellaforte,US,B0856Z5DW4,plastic tumblers,yuanqi.ong@una-brands.com,Yuan Qi,2023-03-29,Brand Manager,
Bellaforte,US,B0856Z5DW4,plastic tumblers dishwasher safe,yuanqi.ong@una-brands.com,Yuan Qi,2023-03-29,Brand Manager,
Bellaforte,US,B0856Z5DW4,plastic water glasses,yuanqi.ong@una-brands.com,Yuan Qi,2023-03-29,Brand Manager,
Bellaforte,US,B0856Z5DW4,plastic glasses drinking,yuanqi.ong@una-brands.com,Yuan Qi,2023-03-29,Brand Manager,
Bellaforte,US,B0856Z5DW4,plastic glasses for drinking,yuanqi.ong@una-brands.com,Yuan Qi,2023-03-29,Brand Manager,
Bellaforte,US,B0856Z5DW4,unbreakable drinking glasses,yuanqi.ong@una-brands.com,Yuan Qi,2023-03-29,Brand Manager,
Bellaforte,US,B0856Z5DW4,dishwasher safe plastic glasses,yuanqi.ong@una-brands.com,Yuan Qi,2023-03-29,Brand Manager,
Bellaforte,US,B0856Z5DW4,plastic glasses dishwasher safe,yuanqi.ong@una-brands.com,Yuan Qi,2023-03-29,Brand Manager,
Bellaforte,US,B0856Z5DW4,drinking glasses plastic dishwasher safe,yuanqi.ong@una-brands.com,Yuan Qi,2023-03-29,Brand Manager,
Bellaforte,US,B0856Z5DW4,dishwasher safe acrylic drinking glasses,yuanqi.ong@una-brands.com,Yuan Qi,2023-03-29,Brand Manager,
Bellaforte,US,B0856Z5DW4,outdoor drinkware sets for patio,yuanqi.ong@una-brands.com,Yuan Qi,2023-03-29,Brand Manager,
Bellaforte,US,B0856Z5DW4,outdoor glasses unbreakable,yuanqi.ong@una-brands.com,Yuan Qi,2023-03-29,Brand Manager,
Bellaforte,US,B0856Z5DW4,plastic glasses drinking dishwasher safe,yuanqi.ong@una-brands.com,Yuan Qi,2023-03-29,Brand Manager,
Bellaforte,US,B0856Z5DW4,tall cocktail glasses,yuanqi.ong@una-brands.com,Yuan Qi,2023-03-29,Brand Manager,
Bellaforte,US,B0856Z5DW4,glassware drinking glasses set of 8,yuanqi.ong@una-brands.com,Yuan Qi,2023-03-29,Brand Manager,
Bellaforte,US,B0856Z5DW4,plastic highball glasses reusable,yuanqi.ong@una-brands.com,Yuan Qi,2023-03-29,Brand Manager,
Bellaforte,US,B0856Z5DW4,plastic glasses that look like glass,yuanqi.ong@una-brands.com,Yuan Qi,2023-03-29,Brand Manager,
Bellaforte,US,B0856Z5DW4,vintage drinking glasses,yuanqi.ong@una-brands.com,Yuan Qi,2023-03-29,Brand Manager,
Bellaforte,US,B0856Z5DW4,elegant highball plastic glasses,yuanqi.ong@una-brands.com,Yuan Qi,2023-03-29,Brand Manager,
Bellaforte,US,B0BNW3QR8V,pitcher plastic,yuanqi.ong@una-brands.com,Yuan Qi,2023-03-29,Brand Manager,
Bellaforte,US,B0BNW3QR8V,polycarbonate plastic glasses,yuanqi.ong@una-brands.com,Yuan Qi,2023-03-29,Brand Manager,
Bellaforte,US,B0BNW3QR8V,bpa free water jug,yuanqi.ong@una-brands.com,Yuan Qi,2023-03-29,Brand Manager,
Bellaforte,US,B0BNW3QR8V,water jug pitcher,yuanqi.ong@una-brands.com,Yuan Qi,2023-03-29,Brand Manager,
Bellaforte,US,B0BNW3QR8V,clear plastic pitcher,yuanqi.ong@una-brands.com,Yuan Qi,2023-03-29,Brand Manager,
Bellaforte,US,B0BNW3QR8V,gallon pitcher for iced tea,yuanqi.ong@una-brands.com,Yuan Qi,2023-03-29,Brand Manager,
Bellaforte,US,B0BNW3QR8V,water pitcher,yuanqi.ong@una-brands.com,Yuan Qi,2023-03-29,Brand Manager,
Bellaforte,US,B07XKTVHDZ,shatterproof wine glasses outdoor,yuanqi.ong@una-brands.com,Yuan Qi,2023-03-29,Brand Manager,
Bellaforte,US,B07XKTVHDZ,outdoor plastic wine glasses,yuanqi.ong@una-brands.com,Yuan Qi,2023-03-29,Brand Manager,
Bellaforte,US,B07XP87LMM,tritan drinking glasses blue,yuanqi.ong@una-brands.com,Yuan Qi,2023-03-29,Brand Manager,
Bellaforte,US,B07XP87LMM,acrylic tumbler,yuanqi.ong@una-brands.com,Yuan Qi,2023-03-29,Brand Manager,
Bellaforte,US,B07XP87LMM,plastic beach glasses for drinking,yuanqi.ong@una-brands.com,Yuan Qi,2023-03-29,Brand Manager,
Bellaforte,US,B07XP87LMM,acrylic cups set,yuanqi.ong@una-brands.com,Yuan Qi,2023-03-29,Brand Manager,
Bellaforte,US,B07XP87LMM,multicolor unbreakable drinking glasses set of 12,yuanqi.ong@una-brands.com,Yuan Qi,2023-03-29,Brand Manager,
Bellaforte,US,B07XP87LMM,plastic glasses drinking,yuanqi.ong@una-brands.com,Yuan Qi,2023-03-29,Brand Manager,
Bellaforte,US,B07XP87LMM,acrylic cups,yuanqi.ong@una-brands.com,Yuan Qi,2023-03-29,Brand Manager,
Bellaforte,US,B07XP87LMM,blue plastic glasses,yuanqi.ong@una-brands.com,Yuan Qi,2023-03-29,Brand Manager,
Bellaforte,US,B07XP87LMM,acrylic glasses drinkware dishwasher safe,yuanqi.ong@una-brands.com,Yuan Qi,2023-03-29,Brand Manager,
Bellaforte,US,B07XP87LMM,acrylic glasses drinkware,yuanqi.ong@una-brands.com,Yuan Qi,2023-03-29,Brand Manager,
Bellaforte,US,B07XP87LMM,shatterproof drinking glasses,yuanqi.ong@una-brands.com,Yuan Qi,2023-03-29,Brand Manager,
Bellaforte,US,B07XP87LMM,acrylic drinking glasses,yuanqi.ong@una-brands.com,Yuan Qi,2023-03-29,Brand Manager,
Bellaforte,US,B07XP87LMM,acrylic glasses drinkware,yuanqi.ong@una-brands.com,Yuan Qi,2023-03-29,Brand Manager,
Bellaforte,US,B07XP87LMM,outdoor drinkware,yuanqi.ong@una-brands.com,Yuan Qi,2023-03-29,Brand Manager,
Bellaforte,US,B07XP87LMM,tritan plastic glasses,yuanqi.ong@una-brands.com,Yuan Qi,2023-03-29,Brand Manager,
Bellaforte,US,B07XP87LMM,blue plastic glasses,yuanqi.ong@una-brands.com,Yuan Qi,2023-03-29,Brand Manager,
Bellaforte,US,B07XP87LMM,large plastic glasses,yuanqi.ong@una-brands.com,Yuan Qi,2023-03-29,Brand Manager,
Bellaforte,US,B07XP87LMM,acrylic glassware,yuanqi.ong@una-brands.com,Yuan Qi,2023-03-29,Brand Manager,
Bellaforte,US,B07XP87LMM,shatterproof drinking glasses colored,yuanqi.ong@una-brands.com,Yuan Qi,2023-03-29,Brand Manager,
Bellaforte,US,B07XP87LMM,poolside unbreakable glasses,yuanqi.ong@una-brands.com,Yuan Qi,2023-03-29,Brand Manager,
Bellaforte,US,B07XP87LMM,tritan outdoor drinkware,yuanqi.ong@una-brands.com,Yuan Qi,2023-03-29,Brand Manager,
Bellaforte,US,B07XP87LMM,bpa free colorful plastic glass,yuanqi.ong@una-brands.com,Yuan Qi,2023-03-29,Brand Manager,
Bellaforte,US,B07XP87LMM,multicolored outdoor glasses,yuanqi.ong@una-brands.com,Yuan Qi,2023-03-29,Brand Manager,
Bellaforte,US,B07XP87LMM,non breakable outdoor glasses,yuanqi.ong@una-brands.com,Yuan Qi,2023-03-29,Brand Manager,
Bellaforte,US,B0B7JBYKRC,plastic beer glasses,yuanqi.ong@una-brands.com,Yuan Qi,2023-03-29,Brand Manager,
Bellaforte,US,B07XP359XG,pink acrylic glasses,yuanqi.ong@una-brands.com,Yuan Qi,2023-03-29,Brand Manager,
Bellaforte,US,B07XP359XG,pink acrylic cups,yuanqi.ong@una-brands.com,Yuan Qi,2023-03-29,Brand Manager,
Bellaforte,US,B07XP359XG,pink plastic glasses,yuanqi.ong@una-brands.com,Yuan Qi,2023-03-29,Brand Manager,
Bellaforte,US,B0BNMYZTK9,insulated plastic tumblers with lids and straws,yuanqi.ong@una-brands.com,Yuan Qi,2023-03-29,Brand Manager,
Bellaforte,US,B0BKKH41QD,fluted acrylic drinking glasses,yuanqi.ong@una-brands.com,Yuan Qi,2023-03-29,Brand Manager,
Bellaforte,US,B084RQ1HK3,green plastic glasses,yuanqi.ong@una-brands.com,Yuan Qi,2023-03-29,Brand Manager,
Bellaforte,US,B0856VWX94,acrylic glasses drinkware dishwasher safe,yuanqi.ong@una-brands.com,Yuan Qi,2023-03-29,Brand Manager,
Bellaforte,US,B0856VWX94,colored tritan drinking glasses sets,yuanqi.ong@una-brands.com,Yuan Qi,2023-03-29,Brand Manager,
Bellaforte,US,B0856VWX94,drinkware pool,yuanqi.ong@una-brands.com,Yuan Qi,2023-03-29,Brand Manager,
Bellaforte,US,B0856VWX94,everyday unbreakable drinking glasses,yuanqi.ong@una-brands.com,Yuan Qi,2023-03-29,Brand Manager,
Bellaforte,US,B0856VWX94,plastic glasses drinking dishwasher safe,yuanqi.ong@una-brands.com,Yuan Qi,2023-03-29,Brand Manager,
Hook-eze,US,B0BFWYPS45,fishing net,shenney.tan@una-brands.com,Shenney,2023-03-29,Brand Manager,
Hook-eze,US,B0BFWYPS45,fishing net freshwater,shenney.tan@una-brands.com,Shenney,2023-03-29,Brand Manager,
Hook-eze,US,B0BFWYPS45,kids fishing net,shenney.tan@una-brands.com,Shenney,2023-03-29,Brand Manager,
Hook-eze,US,B0BFWYPS45,collapsible fishing net,shenney.tan@una-brands.com,Shenney,2023-03-29,Brand Manager,
Hook-eze,US,B0BFWYPS45,landing nets for fishing,shenney.tan@una-brands.com,Shenney,2023-03-29,Brand Manager,
Hook-eze,US,B0BFWYPS45,hook eze,shenney.tan@una-brands.com,Shenney,2023-03-29,Brand Manager,
Hook-eze,US,B0BFWYPS45,folding fishing net,shenney.tan@una-brands.com,Shenney,2023-03-29,Brand Manager,
Hook-eze,US,B0BFWYPS45,kayak fishing net,shenney.tan@una-brands.com,Shenney,2023-03-29,Brand Manager,
Hook-eze,US,B0BFWYPS45,fishing tool,shenney.tan@una-brands.com,Shenney,2023-03-29,Brand Manager,
Hook-eze,US,B0BFWYPS45,fishing gadget,shenney.tan@una-brands.com,Shenney,2023-03-29,Brand Manager,
Hook-eze,US,B0BFWYPS45,fishing gear,shenney.tan@una-brands.com,Shenney,2023-03-29,Brand Manager,
Hook-eze,US,B0BFWYPS45,fishing net,Jagdeep.panwar@una-brands.com,Jagdeep,2023-03-30,PPC Team,
Hook-eze,US,B0BFWYPS45,fishing net with pole,Jagdeep.panwar@una-brands.com,Jagdeep,2023-03-30,PPC Team,
Hook-eze,US,B0BFWYPS45,floating fishing net,Jagdeep.panwar@una-brands.com,Jagdeep,2023-03-30,PPC Team,
Hook-eze,US,B0BFWYPS45,hoop net fishing,Jagdeep.panwar@una-brands.com,Jagdeep,2023-03-30,PPC Team,
Hook-eze,US,B0BFWYPS45,landing net,Jagdeep.panwar@una-brands.com,Jagdeep,2023-03-30,PPC Team,
Hook-eze,US,B0BHVRQW49,fly fishing nippers,shenney.tan@una-brands.com,Shenney,2023-03-29,Brand Manager,
Hook-eze,US,B0BHVRQW49,fishing lanyard,shenney.tan@una-brands.com,Shenney,2023-03-29,Brand Manager,
Hook-eze,US,B0BHVRQW49,fly fishing retractor,shenney.tan@una-brands.com,Shenney,2023-03-29,Brand Manager,
Hook-eze,US,B0BHVRQW49,hook eze fishing knot tying tool,shenney.tan@una-brands.com,Shenney,2023-03-29,Brand Manager,
Hook-eze,US,B0BHVRQW49,hook eze,shenney.tan@una-brands.com,Shenney,2023-03-29,Brand Manager,
Hook-eze,US,B0BHVRQW49,fishing retractor,shenney.tan@una-brands.com,Shenney,2023-03-29,Brand Manager,
Hook-eze,US,B0BHVRQW49,fishing clippers with lanyard,shenney.tan@una-brands.com,Shenney,2023-03-29,Brand Manager,
Hook-eze,US,B0BHVRQW49,fishing tool,shenney.tan@una-brands.com,Shenney,2023-03-29,Brand Manager,
Hook-eze,US,B0BHVRQW49,fishing gadget,shenney.tan@una-brands.com,Shenney,2023-03-29,Brand Manager,
Hook-eze,US,B0BHVRQW49,fishing gear,shenney.tan@una-brands.com,Shenney,2023-03-29,Brand Manager,
Hook-eze,US,B0BHVRQW49,fly fishing retractor,Jagdeep.panwar@una-brands.com,Jagdeep,2023-03-30,PPC Team,
Hook-eze,US,B0BHVRQW49,fishing retractor,Jagdeep.panwar@una-brands.com,Jagdeep,2023-03-30,PPC Team,
Hook-eze,US,B0BHVRQW49,zinger,Jagdeep.panwar@una-brands.com,Jagdeep,2023-03-30,PPC Team,
Hook-eze,US,B0BHVRQW49,zingers fly fishing,Jagdeep.panwar@una-brands.com,Jagdeep,2023-03-30,PPC Team,
Hook-eze,US,B0BHVRQW49,retractors for fishing,Jagdeep.panwar@una-brands.com,Jagdeep,2023-03-30,PPC Team,
Hook-eze,US,B0BHVRQW49,fishing accessories and equipment,Jagdeep.panwar@una-brands.com,Jagdeep,2023-03-30,PPC Team,
Hook-eze,US,B0BHVRQW49,fly fishing zinger,Jagdeep.panwar@una-brands.com,Jagdeep,2023-03-30,PPC Team,
Hook-eze,US,B0BHVRQW49,fishing retractable lanyard,Jagdeep.panwar@una-brands.com,Jagdeep,2023-03-30,PPC Team,
Hook-eze,US,B0BHVRQW49,fishing zinger,Jagdeep.panwar@una-brands.com,Jagdeep,2023-03-30,PPC Team,
Hook-eze,US,B0BHVRQW49,retractable fishing lanyard,Jagdeep.panwar@una-brands.com,Jagdeep,2023-03-30,PPC Team,
Hook-eze,US,B0BHVRQW49,zinger fly fishing,Jagdeep.panwar@una-brands.com,Jagdeep,2023-03-30,PPC Team,
Gobam,US,B0721BQ2YP,rolling pin,pedro.vianna@una-brands.com,Pedro Vianna,2023-03-30,Brand Manager,
Gobam,US,B0721BQ2YP,rolling pins for baking,pedro.vianna@una-brands.com,Pedro Vianna,2023-03-30,Brand Manager,
Gobam,US,B0721BQ2YP,dough roller,pedro.vianna@una-brands.com,Pedro Vianna,2023-03-30,Brand Manager,
Gobam,US,B0721BQ2YP,french rolling pin,pedro.vianna@una-brands.com,Pedro Vianna,2023-03-30,Brand Manager,
Gobam,US,B0721BQ2YP,small rolling pin,pedro.vianna@una-brands.com,Pedro Vianna,2023-03-30,Brand Manager,
Gobam,US,B0721BQ2YP,rolling pins,pedro.vianna@una-brands.com,Pedro Vianna,2023-03-30,Brand Manager,
Gobam,US,B0721BQ2YP,wood rolling pin,pedro.vianna@una-brands.com,Pedro Vianna,2023-03-30,Brand Manager,
Gobam,US,B0721BQ2YP,wooden rolling pins for baking,pedro.vianna@una-brands.com,Pedro Vianna,2023-03-30,Brand Manager,
Gobam,US,B0721BQ2YP,wooden rolling pin,pedro.vianna@una-brands.com,Pedro Vianna,2023-03-30,Brand Manager,
Gobam,US,B0721BQ2YP,dumpling rolling pin,pedro.vianna@una-brands.com,Pedro Vianna,2023-03-30,Brand Manager,
Gobam,US,B072KJXJBX,tie organizer for drawer,pedro.vianna@una-brands.com,Pedro Vianna,2023-03-30,Brand Manager,
Gobam,US,B072KJXJBX,tie box,pedro.vianna@una-brands.com,Pedro Vianna,2023-03-30,Brand Manager,
Gobam,US,B072KJXJBX,tie storage box organizer for men,pedro.vianna@una-brands.com,Pedro Vianna,2023-03-30,Brand Manager,
Gobam,US,B072KJXJBX,tie box organizer,pedro.vianna@una-brands.com,Pedro Vianna,2023-03-30,Brand Manager,
Gobam,US,B072KJXJBX,tie organizer box,pedro.vianna@una-brands.com,Pedro Vianna,2023-03-30,Brand Manager,
Gobam,US,B01K49X4CW,corner shower stool,pedro.vianna@una-brands.com,Pedro Vianna,2023-03-30,Brand Manager,
Gobam,US,B01K49X4CW,teak shower caddy,pedro.vianna@una-brands.com,Pedro Vianna,2023-03-30,Brand Manager,
Gobam,US,B01K49X4CW,teak shower shelf,pedro.vianna@una-brands.com,Pedro Vianna,2023-03-30,Brand Manager,
Gobam,US,B01K49X4CW,shower table,pedro.vianna@una-brands.com,Pedro Vianna,2023-03-30,Brand Manager,
Gobam,US,B01K49X4CW,bamboo corner shelf,pedro.vianna@una-brands.com,Pedro Vianna,2023-03-30,Brand Manager,
Gobam,US,B01K49X4CW,shower corner stool,pedro.vianna@una-brands.com,Pedro Vianna,2023-03-30,Brand Manager,
Gobam,US,B01K49X4CW,shower table for inside shower,pedro.vianna@una-brands.com,Pedro Vianna,2023-03-30,Brand Manager,
Gobam,US,B01K49X4CW,bamboo shower shelf,pedro.vianna@una-brands.com,Pedro Vianna,2023-03-30,Brand Manager,
Gobam,US,B01K4AN0JS,bamboo toilet brush,pedro.vianna@una-brands.com,Pedro Vianna,2023-03-30,Brand Manager,
Gobam,US,B01K4AN0JS,eco friendly toilet brush,pedro.vianna@una-brands.com,Pedro Vianna,2023-03-30,Brand Manager,
Gobam,US,B01K4AN0JS,modern toilet brush,pedro.vianna@una-brands.com,Pedro Vianna,2023-03-30,Brand Manager,
Gobam,US,B01K4AN0JS,wood toilet brush,pedro.vianna@una-brands.com,Pedro Vianna,2023-03-30,Brand Manager,
Gobam,US,B01K4AN0JS,toilet brush bamboo,pedro.vianna@una-brands.com,Pedro Vianna,2023-03-30,Brand Manager,
Gobam,US,B01K4AN0JS,wooden toilet brush,pedro.vianna@una-brands.com,Pedro Vianna,2023-03-30,Brand Manager,
Gobam,US,B07H17HNFP,makeup organizer bamboo,pedro.vianna@una-brands.com,Pedro Vianna,2023-03-30,Brand Manager,
Gobam,US,B07H17HNFP,bamboo makeup organizer,pedro.vianna@una-brands.com,Pedro Vianna,2023-03-30,Brand Manager,
Gobam,US,B07H17HNFP,bamboo bathroom organizer,pedro.vianna@una-brands.com,Pedro Vianna,2023-03-30,Brand Manager,
Gobam,US,B07H17HNFP,wood makeup organizer,pedro.vianna@una-brands.com,Pedro Vianna,2023-03-30,Brand Manager,
Gobam,US,B07H17HNFP,makeup organizer wood,pedro.vianna@una-brands.com,Pedro Vianna,2023-03-30,Brand Manager,
Gobam,US,B07H17HNFP,bamboo countertop organizer,pedro.vianna@una-brands.com,Pedro Vianna,2023-03-30,Brand Manager,
Gobam,US,B07H17HNFP,bamboo cosmetic organizer,pedro.vianna@una-brands.com,Pedro Vianna,2023-03-30,Brand Manager,
Gobam,US,B0721PK3B7,makeup organizer bamboo,pedro.vianna@una-brands.com,Pedro Vianna,2023-03-30,Brand Manager,
Finerware,US,B07S1DYPT5 ,diaper caddy,pedro.vianna@una-brands.com,Pedro Vianna,2023-04-04,Brand Manager,
Finerware,US,B07NY9FL2H ,blanket basket,pedro.vianna@una-brands.com,Pedro Vianna,2023-04-13,Brand Manager,
Finerware,US,B07NY9FL2H ,blanket storage,pedro.vianna@una-brands.com,Pedro Vianna,2023-04-14,Brand Manager,
Finerware,US,B07NY9FL2H ,toy basket,pedro.vianna@una-brands.com,Pedro Vianna,2023-04-15,Brand Manager,
Finerware,US,B07NY9FL2H ,large basket,pedro.vianna@una-brands.com,Pedro Vianna,2023-04-16,Brand Manager,
Finerware,US,B07NY9FL2H ,blanket storage for living room,pedro.vianna@una-brands.com,Pedro Vianna,2023-04-17,Brand Manager,
Finerware,US,B07NY9FL2H ,large blanket basket,pedro.vianna@una-brands.com,Pedro Vianna,2023-04-18,Brand Manager,
Finerware,US,B07NY9FL2H ,large dog toy bin,pedro.vianna@una-brands.com,Pedro Vianna,2023-04-19,Brand Manager,
Finerware,US,B07NY9FL2H ,large toy bin,pedro.vianna@una-brands.com,Pedro Vianna,2023-04-20,Brand Manager,
Finerware,US,B07NY9FL2H ,baby basket gift,pedro.vianna@una-brands.com,Pedro Vianna,2023-04-21,Brand Manager,
Finerware,US,B07CYZKDCW,letter board,pedro.vianna@una-brands.com,Pedro Vianna,2023-04-22,Brand Manager,
Finerware,US,B07CYZKDCW,letter board sign,pedro.vianna@una-brands.com,Pedro Vianna,2023-04-23,Brand Manager,
Finerware,US,B07CYZKDCW,felt letter board,pedro.vianna@una-brands.com,Pedro Vianna,2023-04-24,Brand Manager,
Finerware,US,B07CYZKDCW,message board,pedro.vianna@una-brands.com,Pedro Vianna,2023-04-25,Brand Manager,
Finerware,US,B07CYZKDCW,letterboard,pedro.vianna@una-brands.com,Pedro Vianna,2023-04-26,Brand Manager,
Finerware,US,B07CYZKDCW,word board with letters,pedro.vianna@una-brands.com,Pedro Vianna,2023-04-27,Brand Manager,
Finerware,US,B07CYZKDCW,announcement board,pedro.vianna@una-brands.com,Pedro Vianna,2023-04-28,Brand Manager,
Finerware,US,B07CYZKDCW,board with letters changeable,pedro.vianna@una-brands.com,Pedro Vianna,2023-04-29,Brand Manager,
Finerware,US,B07CYZKDCW,changeable letter boards,pedro.vianna@una-brands.com,Pedro Vianna,2023-04-30,Brand Manager,
Finerware,US,B0BR3C21VK ,stroller organizer,pedro.vianna@una-brands.com,Pedro Vianna,2023-05-01,Brand Manager,
Finerware,US,B0BR3C21VK ,stroller caddy,pedro.vianna@una-brands.com,Pedro Vianna,2023-05-02,Brand Manager,
Finerware,US,B0BR3C21VK ,stroller organizer with cup holder,pedro.vianna@una-brands.com,Pedro Vianna,2023-05-03,Brand Manager,
Finerware,US,B0BR3C21VK ,stroller caddy organizer with cup holder,pedro.vianna@una-brands.com,Pedro Vianna,2023-05-04,Brand Manager,
Finerware,US,B0BR3C21VK ,momcozy stroller organizer,pedro.vianna@una-brands.com,Pedro Vianna,2023-05-05,Brand Manager,
Finerware,US,B0BR3C21VK ,stroller bag organizer,pedro.vianna@una-brands.com,Pedro Vianna,2023-05-06,Brand Manager,
Finerware,US,B0BR3C21VK ,universal stroller organizer,pedro.vianna@una-brands.com,Pedro Vianna,2023-05-07,Brand Manager,
Finerware,US,B0BR3C21VK ,double stroller organizer,pedro.vianna@una-brands.com,Pedro Vianna,2023-05-08,Brand Manager,
Finerware,US,B0BR3C21VK ,baby stroller organizer,pedro.vianna@una-brands.com,Pedro Vianna,2023-05-09,Brand Manager,
Finerware,US,B07CCFZCBJ ,diaper caddy,pedro.vianna@una-brands.com,Pedro Vianna,2023-05-10,Brand Manager,
Finerware,US,B07CCFZCBJ ,diaper caddy organizer,pedro.vianna@una-brands.com,Pedro Vianna,2023-05-11,Brand Manager,
Finerware,US,B07CCFZCBJ ,diaper caddy for baby boy,pedro.vianna@una-brands.com,Pedro Vianna,2023-05-12,Brand Manager,
Finerware,US,B07CCFZCBJ ,diaper organizer,pedro.vianna@una-brands.com,Pedro Vianna,2023-05-13,Brand Manager,
Finerware,US,B07CCFZCBJ ,baby diaper caddy,pedro.vianna@una-brands.com,Pedro Vianna,2023-05-14,Brand Manager,
Finerware,US,B07CCFZCBJ ,baby caddy organizer,pedro.vianna@una-brands.com,Pedro Vianna,2023-05-15,Brand Manager,
Finerware,US,B07CCFZCBJ ,baby baskets for newborn,pedro.vianna@una-brands.com,Pedro Vianna,2023-05-16,Brand Manager,
Finerware,US,B07CCFZCBJ ,diaper caddy for baby girl,pedro.vianna@una-brands.com,Pedro Vianna,2023-05-17,Brand Manager,
Finerware,US,B07CCFZCBJ ,baby boy basket,pedro.vianna@una-brands.com,Pedro Vianna,2023-05-18,Brand Manager,
